atr_pct,bar_cos,bar_sin,body_atr,body_change_ratio,close_location,closing_bar,distance_session_high_atr,distance_session_low_atr,doji_score,ema_slope_atr,ema_spread_atr,engulfing_strength_signed,gap_bps,hammer_score,inverted_hammer_score,lower_wick_body,lower_wick_range,marubozu_score,open_location,opening_bar,overlap_fraction,overnight_gap_abs,range_atr,range_change_ratio,realized_vol_13,relative_volume,return_1,return_13,return_2,return_26,return_4,return_8,shock_volume_flag,signed_body_fraction,three_bar_body_balance,three_bar_close_progress,upper_wick_body,upper_wick_range,volume_zscore,valid,entry_time,exit_time,entry_price,exit_price,net_return,gross_return,bars_held,exit_reason,mfe,mae,gap_through_stop,gap_through_target,symbol,signal_time,session,predicted_net_return,spot,strike,dte,iv,delta,open_interest,option_volume,spread_fraction,premium_mid,liquid,expected_option_return,option_downside_semivariance,option_probability_profit,option_cvar10,option_utility,expected_exit_iv,entry_fill,expected_hold_sessions,realized_option_return,option_exit_fill,realized_exit_iv,fold,bull_regime_score,extreme_bull_regime,option_overlay_eligible,stress_scenario
0.00711608547309638,-0.7485107481711012,0.6631226582407952,0.7680739189509874,3.9580253763853124,0.7883622053651488,0.0,0.3724898574526687,2.3217622879269513,0.5636029624135748,0.49238484718339565,1.3544839527513215,0.0,0.0,0.11945262559259487,0.05904210000871732,0.806525107789482,0.3519651677787235,0.43639703758642523,0.3519651677787235,0.0,0.34865834268600226,0.0,1.7600346766764567,2.868137306840371,0.0030928444152484515,1.321355464534486,0.005495717488186669,0.0196894922380364,0.006893789324646571,0.022987855461267248,0.01002787239603653,0.0142819892940389,0.0,0.43639703758642523,0.9247928940899421,0.9720552436421417,0.4849661578941052,0.21163779463485125,0.8131196833806953,True,2017-05-09 16:30:00+00:00,2017-05-09 17:00:00+00:00,200.46378223151567,198.53798372987916,-0.010206715388680076,-0.009606715388680076,2,stop,0.0014443153246339602,-0.01004834899727125,False,False,MSFT,2017-05-09 16:00:00+00:00,90,0.011156780616792093,200.46378223151567,202.5,14.0,0.2530458213830254,0.4592335134790485,1250.0,193.0,0.03518239246839308,4.036463143822871,True,0.16426673747268575,0.0073072330173068935,0.7283950617283951,-0.23972076358768707,0.07973031947291472,0.2388407831205326,4.107469359077961,0.38461538461538464,-0.19753056004001956,3.2961186362320714,0.2624492443135915,3,0,False,False,crash_recovery
0.005736153962689663,-0.35460488704253545,0.9350162426854148,0.025165336772851956,0.05555622724745831,0.6422004590516848,0.0,0.21739328554482473,1.8603707356621746,0.9242428617850882,0.378713790395554,0.9227375813737585,0.0,0.0,0.5935491901136265,0.40071166589586027,7.477095019221902,0.566443320836773,0.07575713821491181,0.566443320836773,0.0,0.2799758292664938,0.0,0.3321843639534219,0.27997582926628883,0.002558046889970478,1.127270055978422,0.00014437308683135086,0.013290655507569582,0.002750204142416557,0.0067486787592319075,0.0026644470880770044,0.007183861623294208,0.0,0.07575713821491184,0.6976758512266225,0.37771519427528444,4.722981218231099,0.35779954094831523,0.4000737815037056,True,2017-05-11 16:00:00+00:00,2017-05-11 17:00:00+00:00,200.71358275380013,199.15929533614369,-0.008343807849631023,-0.007743807849631024,3,stop,0.002434186538105676,-0.008979934043111149,False,False,MSFT,2017-05-11 15:30:00+00:00,92,0.01181839896589406,200.71358275380013,205.0,14.0,0.2554641119445114,0.38823465082526915,1250.0,182.0,0.03589900156679967,3.1890140087196244,True,0.1842916349567016,0.007972849854027388,0.7283950617283951,-0.25096876310333693,0.09855230713518434,0.24103035910925039,3.2462552181674105,0.38461538461538464,-0.1817841467895519,2.656137483071717,0.26249048065069996,3,0,False,False,crash_recovery
0.019097262771990652,-0.7485107481711013,-0.663122658240795,0.04761373053043391,0.138647990809588,0.747503831276441,0.0,0.18635488076782547,1.8395453814825962,0.8775589702214854,0.7987239750783707,0.6159580683196004,0.0,0.0,0.6559786924115686,0.2261733362717119,5.105010980577956,0.6250628014979265,0.12244102977851457,0.6250628014979265,0.0,0.3978474989474489,0.0,0.3888707128367272,0.3978474989472834,0.02359479065546715,1.2956130557573093,0.0009101194877940699,0.0818278328776445,0.007523753026146496,0.07767618255234177,0.015563565878824015,0.013965597171201383,0.0,0.1224410297785146,1.0,1.1142771627430539,2.062185928835678,0.25249616872355896,0.8046037453021041,True,2017-05-11 18:00:00+00:00,2017-05-12 14:00:00+00:00,128.80443183790692,127.79223730790696,-0.008458382786655626,-0.007858382786655627,6,momentum_decay,0.01785327471194642,-0.016388559113654555,False,False,NVDA,2017-05-11 17:30:00+00:00,92,0.006503197520549599,,,,,,,,,,,,,,,,,,,,,,3,2,False,False,crash_recovery
0.013169644958186254,1.0,0.0,0.3206625460551578,9.454430443750413,0.7671661897282135,0.0,0.20406523917812852,0.672376369280383,0.6341313066832368,-0.2356885630288688,0.463384865548569,0.0,-53.1145755427076,0.17786422130106502,0.08053595447417432,1.0968347490263701,0.40129749641145024,0.3658686933167632,0.40129749641145024,1.0,0.33617872658271103,0.00531145755427076,0.8764416084585115,2.875713644747227,0.005071651462235238,1.9099875475735548,-0.0010930616838158436,-0.02106639952345357,-0.0006471685247906311,-0.005630998861694159,-0.00724365010953687,-0.004757264925905336,0.0,0.3658686933167632,0.4567482101297943,-0.1751008225109823,0.6363862624063501,0.23283381027178657,1.5568239431771322,True,2017-05-15 14:00:00+00:00,2017-05-15 16:30:00+00:00,126.31506886048837,126.34033187426047,-0.000400000000000022,0.00019999999999997797,6,stop,0.01555961252679361,-0.005871985287346115,False,False,NVDA,2017-05-15 13:30:00+00:00,94,0.007756749063310189,126.31506886048837,127.5,14.0,0.34317715006983596,0.4810512400083445,1831.0,323.0,0.03434608226414357,3.6544057758822106,True,0.029298995706549934,0.009579552650910754,0.5432098765432098,-0.24594457460463315,-0.04628456890921792,0.32455422609579965,3.717163036584717,0.38461538461538464,-0.07404107364108492,3.4419402944570288,0.3352404061379859,3,0,False,False,crash_recovery
0.018083140111209036,1.0,0.0,0.17692692720059167,0.44945375285284295,0.6927964235620117,0.0,0.1672945954872621,0.377277825924739,0.6751085434296424,0.9846347015192226,0.062157092598204004,0.0,131.63775599180917,0.17654496912490467,0.1345001297054498,1.1323934795782344,0.367904966991654,0.3248914565703577,0.367904966991654,1.0,0.0,0.013163775599180916,0.5445724214120011,0.5596687412362022,0.007226383330835695,1.351971788113748,0.016415690280981998,0.11544804352781846,0.023823318002963445,0.030200656496343514,0.035496431707366494,0.08005033894560443,0.0,0.3248914565703576,1.0,1.6155749139612585,0.9455575707663207,0.30720357643798835,0.6648667264996412,True,2017-05-16 14:00:00+00:00,2017-05-16 14:30:00+00:00,162.9054739464594,158.92858655761282,-0.02501223915013213,-0.02441223915013213,2,stop,0.003679256025826305,-0.02441227731758666,False,False,TSLA,2017-05-16 13:30:00+00:00,95,0.00987906812326303,162.9054739464594,162.5,21.0,0.45650331105614994,0.5438334040963839,1816.0,221.0,0.037687374360788506,9.014836726654025,True,0.001393249333712965,0.004356386781698467,0.49382716049382713,-0.16102617602875355,-0.06700417789474586,0.43119774048371207,9.184709489913423,0.38461538461538464,-0.13783978615081138,7.91869109796643,0.5171231060781316,3,4,True,False,crash_recovery
0.008090500177189297,-0.7485107481711012,0.6631226582407952,0.8811016482455328,6.092566559569178,0.8363898750460238,0.0,0.3202659377070252,2.6105347860841728,0.5498829760082731,0.43708842363800715,0.5878986184243713,0.0,0.0,0.13156080821533797,0.04088924508251366,0.8581609458546701,0.3862728510542969,0.45011702399172693,0.3862728510542969,0.0,0.2489705186317234,0.0,1.9574946098055763,4.0165398115989275,0.004268108508739674,1.2134482526613122,0.007179734157012563,0.028178471847357445,0.008368037045064058,0.0214781813589473,0.010596078492069116,0.012035884205766623,0.0,0.450117023991727,1.0,1.2974515207355244,0.36348353035603054,0.16361012495397617,0.40981309757688145,True,2017-05-16 16:30:00+00:00,2017-05-17 13:30:00+00:00,202.81034456229006,203.86774503361613,0.0046137403228034175,0.005213740322803417,8,gap_through_stop,0.014837051463285844,-0.003157129551681792,True,False,MSFT,2017-05-16 16:00:00+00:00,95,0.010918120476142247,202.81034456229006,205.0,14.0,0.29746301456721214,0.4655694366638624,1536.0,193.0,0.03478049840675021,4.870533219670108,True,0.11390343439843124,0.00661131817054051,0.691358024691358,-0.22356139390213053,0.03644467053599815,0.2808036084722188,4.955233006113488,0.38461538461538464,-0.005263066063788346,4.929153287440848,0.28540338612472593,3,0,False,False,crash_recovery
0.011898628794135639,-0.7485107481711013,-0.663122658240795,0.17917988117440675,4.063430548118727,0.7430600368699586,0.0,0.28120455513139736,2.7260586692755533,0.7238108208369828,0.14683320535395972,0.33502089877506847,0.0,0.0,0.30305247004409863,0.11966337229742426,1.6904024231521504,0.46687085770694137,0.2761891791630172,0.46687085770694137,0.0,0.5836018011576385,0.0,0.6487577888366439,1.7134971105555146,0.008186731669419562,1.1196884960240574,0.0021365500071766075,-0.003596413431517065,0.0026637501690165433,0.020136810705827957,0.0005057683834825966,0.023191251487306053,0.0,0.2761891791630172,0.13089512243120582,0.04936082189681618,0.9303042353358449,0.2569399631300414,0.29699852097543533,True,2017-05-17 18:00:00+00:00,2017-05-17 18:30:00+00:00,159.40535700589135,156.84480502529814,-0.016663148872083155,-0.016063148872083155,2,stop,0.0059876486653380745,-0.019792625047510226,False,False,TSLA,2017-05-17 17:30:00+00:00,96,0.00786081463423334,,,,,,,,,,,,,,,,,,,,,,3,0,False,False,crash_recovery
0.014400260323444861,1.0,0.0,0.5801984589672009,6.734810160634665,0.8239919987508453,0.0,0.24580865949868116,1.1507679606216594,0.5845566576095151,0.40895005179173294,0.4544558003934869,0.0,264.54176407687544,0.15789207558813936,0.0488253074396299,0.9834040281142811,0.40854865636036036,0.41544334239048486,0.40854865636036036,1.0,0.0,0.026454176407687546,1.3965766201203407,3.453408745722635,0.010226018270812088,1.1910184638558923,0.03510246667575312,0.056659571475899506,0.03643336931554786,0.010521382913416977,0.031836988293133084,0.03334523899667419,0.0,0.4154433423904849,1.0,3.3415956267678846,0.42366306855771607,0.1760080012491547,0.4647894036206873,True,2017-05-18 14:00:00+00:00,2017-05-18 16:00:00+00:00,164.61946481654178,164.0516106427436,-0.00404949592948196,-0.0034494959294819605,5,momentum_decay,0.010824283135676849,-0.009209099062045145,False,False,TSLA,2017-05-18 13:30:00+00:00,97,0.010158867062779721,,,,,,,,,,,,,,,,,,,,,,3,3,False,False,crash_recovery
0.015058889107963007,-0.3546048870425359,-0.9350162426854147,0.5412664901541587,0.8390364269549645,0.6785849901946369,0.0,0.641164582736547,1.816826306200084,0.5863591734356257,0.16146093967566383,0.8897836465034367,0.0,0.0,0.08495279619570578,0.11163633141106113,0.6405174407725748,0.2649441636302627,0.4136408265643743,0.2649441636302627,0.0,0.29241008749655983,0.0,1.3085422313116915,0.864851087133843,0.011550370641265293,1.1403341957413333,0.008217854735588448,0.033031728834227,0.018190414508663322,0.03703244578822962,0.004623321275071257,0.001304397054393558,0.0,0.4136408265643743,0.8693755684027407,1.1698396249361087,0.7770388925936992,0.32141500980536303,0.28226048477866955,True,2017-05-18 18:30:00+00:00,2017-05-19 17:00:00+00:00,164.8100739444379,166.9452534297051,0.012355394255736108,0.012955394255736108,11,stop,0.030273116729893523,-0.0078411247712743,False,False,TSLA,2017-05-18 18:00:00+00:00,97,0.009291536239348577,,,,,,,,,,,,,,,,,,,,,,3,0,False,False,crash_recovery
0.011848019058387381,1.0,0.0,0.04004594093911337,0.04858354957094438,0.7820527357903286,0.0,0.08116303228671579,0.29123454095666607,0.8924645491367336,0.38167507728385125,1.555007090868636,0.0,22.8618033899175,0.6979543422482647,0.19624446244924124,6.27251087435905,0.6745172849270622,0.10753545086326644,0.6745172849270622,1.0,0.1926245284391612,0.00228618033899175,0.37239757324338185,0.19262452843911318,0.00509091981524227,1.423215883794442,0.0027619558620348705,0.012631277004249375,0.01267905561316196,0.07811705295691018,0.017122208776396475,0.0055591847481217815,0.0,0.10753545086326649,1.0,1.2483405804515482,2.026748039436521,0.21794726420967137,1.154900614398453,True,2017-05-24 14:00:00+00:00,2017-05-24 14:00:00+00:00,175.0823275431448,172.2819162258955,-0.016594825728823048,-0.015994825728823048,1,stop,0.005467024138793963,-0.01610023270038241,False,False,TSLA,2017-05-24 13:30:00+00:00,101,0.010214156098769425,175.0823275431448,175.0,14.0,0.4314327137754262,0.5308166979086159,1262.0,218.0,0.04662155859803727,7.3280646025633445,True,0.021761732483105548,0.0056436662628175874,0.5555555555555556,-0.19011123956348225,-0.060424911294614275,0.40743738149011505,7.498887499202649,0.38461538461538464,-0.16631520574316094,6.251708481927943,0.4619238652335098,3,1,False,False,crash_recovery
0.014564396078837069,-0.7485107481711013,-0.663122658240795,0.4058497177596281,0.5531301578993075,0.7800356071715163,0.0,1.1087098023671005,1.645562761871633,0.6123690358967631,-0.07704347789412337,0.6759610881695873,0.0,0.0,0.1611840529965829,0.07037855363601608,1.012315009394832,0.3924046430682794,0.38763096410323694,0.3924046430682794,0.0,0.463040934483478,0.0,1.0470002537040333,0.6168012405182101,0.006551555528037234,3.0861292150694983,0.005946103192503438,0.0018707803046955629,0.016877451217403472,0.040909284302350635,0.008751050054698783,-0.010510937217259375,1.0,0.38763096410323694,0.3954527861262271,0.6707626357941754,0.5674582610735045,0.21996439282848368,3.8961797941084138,True,2017-05-24 18:00:00+00:00,2017-05-24 19:30:00+00:00,173.24204819048717,178.66685467630091,0.030713451569499717,0.03131345156949972,4,target,0.03757909429143336,-0.008446962615559217,False,False,TSLA,2017-05-24 17:30:00+00:00,101,0.006836202248908463,,,,,,,,,,,,,,,,,,,,,,3,0,False,False,crash_recovery
0.016922326622774597,1.0,0.0,0.5178181233412511,0.6337793603434388,0.8519782033824306,0.0,0.183003149831466,1.053322540122661,0.581163662982313,0.8663489528412804,1.009048705891119,0.0,169.52203317783355,0.17068348142257322,0.03880903988150931,1.0341554160478257,0.43314186636474356,0.41883633701768697,0.43314186636474356,1.0,0.0,0.016952203317783354,1.2363256899541268,0.6774415152541334,0.010058800827067045,1.8475938487145365,0.02594221424643428,0.04534557079637236,0.0407043604431887,0.05854962026626653,0.05776233511158679,0.06648216777385452,0.0,0.41883633701768697,1.0,3.431586118120996,0.35341202167763774,0.14802179661756948,1.5574249471162571,True,2017-05-25 14:00:00+00:00,2017-05-25 19:00:00+00:00,183.02153562194613,189.68040856225826,0.035783002238965286,0.03638300223896529,11,target,0.037075602211813274,-0.007062419266333109,False,False,TSLA,2017-05-25 13:30:00+00:00,102,0.009635576437833868,,,,,,,,,,,,,,,,,,,,,,3,5,True,False,crash_recovery
0.012868433647442449,1.0,0.0,0.5180261899168409,55.27992641371627,0.7599878534098213,0.0,0.31244552759563177,0.9893449527384042,0.60206638645574,0.714998903194251,2.6833049443448425,0.0,-90.26970923653788,0.13876910573422993,0.07721994309936481,0.9098357804976046,0.3620542398655613,0.39793361354426005,0.3620542398655613,1.0,0.2217053373104032,0.009026970923653788,1.3017904803340359,4.510491322085335,0.004435539796274593,1.1990514925448619,-0.0023766283166575253,0.0329594958231465,-0.0022565967627902195,0.07979963377078025,0.007224179738475778,0.012675408205675254,0.0,0.39793361354426005,1.0,0.5418715275600063,0.6031461993177235,0.2400121465901787,0.42822410397194594,True,2017-05-26 14:00:00+00:00,2017-05-26 16:00:00+00:00,189.05383316082353,194.28441058264667,0.027067132342001244,0.027667132342001244,5,target,0.034013052154226786,-0.009007990982464631,False,False,TSLA,2017-05-26 13:30:00+00:00,103,0.01267742249569157,189.05383316082353,192.5,14.0,0.43474505870852426,0.45883593765583763,1188.0,191.0,0.048351942123873504,6.370134245486639,True,0.046000132384571374,0.004934711428601633,0.6172839506172839,-0.18474527429486495,-0.03766009404522286,0.40997651004015884,6.524138426666176,0.38461538461538464,0.28800927004646626,8.403150772612403,0.41658454994447064,3,1,False,False,crash_recovery
0.014737876916622927,-0.7485107481711012,0.6631226582407952,0.6333028808410939,1.5869563779378941,0.7980778477806753,0.0,0.30218763498574647,2.7788589529045424,0.5768262301263121,0.809213308674174,2.346047501477524,0.0,0.0,0.13594724983969422,0.05735029261009674,0.8859341116976251,0.3749040779069873,0.42317376987368793,0.3749040779069873,0.0,0.3982521344285379,0.0,1.4965551410006508,1.4551140893983066,0.004761353309803866,2.0191365976749664,0.009421475627548137,0.042476810609268556,0.015450020426532873,0.134052159582414,0.03334863252501119,0.03662578012884388,1.0,0.4231737698736879,1.0,1.9172612332851915,0.4771613143212654,0.20192215221932477,2.2225817701771478,True,2017-05-26 16:30:00+00:00,2017-05-26 18:30:00+00:00,194.6173822628505,194.93986060013307,0.001056986305812236,0.0016569863058122358,5,momentum_decay,0.014969807554014558,-0.010971205787183913,False,False,TSLA,2017-05-26 16:00:00+00:00,103,0.010370677249482528,,,,,,,,,,,,,,,,,,,,,,3,5,True,False,crash_recovery
0.00679028176683617,1.0,0.0,0.24134829849731274,0.9268836988748572,0.8429594400062088,0.0,0.11844099045334715,0.635765378003502,0.6799970026888984,0.6035477973243829,1.440975940161856,0.0,-33.84531660174939,0.31225104021397176,0.05306419346319599,1.6342235762979154,0.5229564426951073,0.3200029973111015,0.5229564426951073,1.0,0.443004943125284,0.0033845316601749387,0.7542063684568491,0.9514483880017603,0.00310412126546875,1.3490354917556648,-0.001748574313147122,0.013104270017380237,1.646296360102717e-05,0.026622004127578203,0.008039403121337108,0.01369922467055984,0.0,0.32000299731110154,0.9582009558931357,-0.008161504014816214,0.49074715334658553,0.15704055999379113,0.8903282017778019,True,2017-05-29 14:00:00+00:00,2017-05-29 18:30:00+00:00,96.5014784241152,96.52077871980003,-0.000400000000000022,0.00019999999999997797,10,stop,0.010841082092960752,-0.006830533095491087,False,False,AAPL,2017-05-29 13:30:00+00:00,104,0.009961878047566585,96.5014784241152,97.5,14.0,0.2730831398784769,0.4628638485184815,1773.0,138.0,0.03446895587176112,2.1161001713623264,True,0.11556858411100804,0.00838710702334579,0.6790123456790124,-0.2493168119729549,0.039218508967943336,0.25793275136957927,2.1525700530757836,0.38461538461538464,-0.07017382081467682,2.0015159878802042,0.2714346328326692,3,0,False,False,crash_recovery
0.008187882356409753,0.120536680255323,0.992708874098054,0.08474003645452283,0.5924504085675422,0.8556633988336505,0.0,1.0609789537614769,1.115540242984085,0.7854647057121663,-0.012224598953155613,0.8053476816825981,0.0,0.0,0.6695059491038003,0.06321535669913766,2.988450486268603,0.6411281045458168,0.2145352942878337,0.6411281045458168,0.0,0.7725868988119587,0.0,0.3949934519437646,0.7725868988100489,0.004492620822882042,1.1949270026556253,0.0006943231995826249,0.0014315477202226923,0.0018684645417033074,0.015356558022235456,0.003996731280865307,-0.0016741185034763184,0.0,0.2145352942878337,-0.6051293985116506,-0.6537197056690426,0.6727872056825572,0.14433660116634947,0.49414670292933854,True,2017-05-30 15:30:00+00:00,2017-05-30 15:30:00+00:00,96.63184053421706,95.56370684227741,-0.01165364118115315,-0.011053641181153151,1,stop,0.004315108547585433,-0.013599756502669647,False,False,AAPL,2017-05-30 15:00:00+00:00,105,0.010115821253592104,96.63184053421706,97.5,14.0,0.30995902710451856,0.47787880779244496,1691.0,253.0,0.03447224819578804,2.5113734131966936,True,0.0888440002335136,0.007096838569410198,0.654320987654321,-0.22710985069837417,0.013441482973247848,0.292736556186523,2.554659757002703,0.38461538461538464,-0.16261167994827042,2.1392422422202535,0.32722531228839186,3,0,False,False,crash_recovery
0.008328898614124308,-0.9709418174260521,-0.23931566428755743,0.19311268424597947,0.502719630584914,0.8038489412433236,0.0,1.6011893255573209,1.086998798167316,0.6821667452820714,-0.2242077301116744,0.42759978963117634,0.0,0.0,0.279508284758077,0.07212909377149603,1.5291530364045256,0.486015686525395,0.31783325471792856,0.486015686525395,0.0,0.45814375561034804,0.0,0.6075911861940424,0.6146802507693282,0.005051337998376154,1.323262450382991,0.001611007137791498,-0.0025073691675667753,0.004831072421610072,0.005877871681108093,-0.004587789282095134,-0.0006093941621635457,0.0,0.3178332547179286,0.5583585696163795,0.4032338634141429,0.6171508356779379,0.1961510587566764,0.8267828070519471,True,2017-05-30 17:30:00+00:00,2017-05-31 18:00:00+00:00,96.18851401190506,96.20775171470744,-0.000400000000000022,0.00019999999999997797,15,stop,0.009411227222501983,-0.009769255889598538,False,False,AAPL,2017-05-30 17:00:00+00:00,105,0.007734863035463569,96.18851401190506,97.5,30.0,0.3266354028764116,0.4913992114307726,3343.0,387.0,0.02404752924079801,3.930485357757469,True,0.006925199169477976,0.0060386224086942785,0.5061728395061729,-0.19060554816033842,-0.0491729155733076,0.3089140686755106,3.97774458854307,0.38461538461538464,-0.025622303334047913,3.8758256101100517,0.3324103466333882,3,0,False,False,crash_recovery
0.009278715390463833,-0.7485107481711012,0.6631226582407952,0.2726554942046535,0.4004618882956216,0.8267320748036328,0.0,0.12884678301189928,1.8174143371510936,0.633343955744184,0.13364273959146936,0.351923314477451,0.0,0.0,0.2190049453709164,0.0538654521703031,1.254789162087142,0.4600760305478167,0.366656044255816,0.4600760305478167,0.0,0.46163202669157133,0.0,0.7436274363294602,0.477618715771708,0.0035185963610909485,1.2174032175524072,0.0025363093208841114,0.013076599834084046,0.008926303631887178,0.007100234263493599,0.0011572600384532894,0.013085750657866102,0.0,0.366656044255816,0.2126057449078928,0.3355997291927122,0.47256257713502187,0.17326792519636727,0.6259690246894207,True,2017-05-31 16:30:00+00:00,2017-05-31 18:00:00+00:00,96.97782581845468,95.76305579776486,-0.013126265777126122,-0.012526265777126122,4,stop,0.000736191390371177,-0.014519015222143605,False,False,AAPL,2017-05-31 16:00:00+00:00,106,0.002429965678264803,,,,,,,,,,,,,,,,,,,,,,4,0,False,False,crash_recovery
0.006274892779314613,0.8854560256532099,0.4647231720437685,0.37843758667244226,0.7394001762226975,0.7436689907371227,0.0,0.2597933235992386,1.3083684666005304,0.6266059220043827,0.3060042024602296,1.7036163356295613,0.0,0.0,0.15403158188998825,0.09029380554467611,0.9916464522638513,0.37027491274150537,0.3733940779956173,0.37027491274150537,0.0,0.4619477535495297,0.0,1.0135072004995327,0.7923822977309163,0.0025080070086699008,1.2315418389398962,0.0023803076902568776,0.003497934123930735,0.007647229887693063,0.025582996306642736,0.005768952126182336,0.008320179702222541,0.0,0.3733940779956173,0.5326508139027958,0.9538346022771872,0.6864892197495391,0.25633100926287733,0.6709923316038263,True,2017-06-02 14:30:00+00:00,2017-06-02 15:30:00+00:00,190.21671402641542,192.78293141991642,0.012891019475526445,0.013491019475526445,3,target,0.017294081082680934,-0.0028901034518333812,False,False,MSFT,2017-06-02 14:00:00+00:00,108,0.010718007774778342,190.21671402641542,192.5,14.0,0.2534144088011071,0.4472164165068061,1557.0,196.0,0.034830446788971486,3.686135254143153,True,0.14364256664968952,0.001886524451449364,0.8024691358024691,-0.12503303249978487,0.07553534073891754,0.23924983467897762,3.7503301230563455,0.38461538461538464,0.22881768753620046,4.608471989311453,0.24129708100709946,4,0,False,False,crash_recovery
0.007236759679240173,-0.35460488704253545,0.9350162426854148,1.1448562279938324,5.191333081738912,0.7381308089165519,0.0,0.6563877027125646,2.8243788457517356,0.5432538222568173,0.6872429745975774,1.6623898268767463,0.0,0.0,0.0823455851906237,0.0746083648711227,0.6160634612500435,0.28138463117336915,0.4567461777431828,0.28138463117336915,0.0,0.26415676462987614,0.0,2.5065480211583884,3.78563085976643,0.00296499857528825,1.4426583372966741,0.008354264886468288,0.01755111131198195,0.009979596365895294,0.03872875344327853,0.014894682416447758,0.018760072582788556,0.0,0.45674617774318277,1.0,1.9156483611062995,0.5733363602016317,0.2618691910834481,1.294384873127036,True,2017-06-02 16:00:00+00:00,2017-06-02 17:30:00+00:00,192.59150453282152,193.61046225737,0.004690771921742987,0.005290771921742987,4,ambiguous_stop_first,0.015574191091378253,-0.002041359833843903,False,False,MSFT,2017-06-02 15:30:00+00:00,108,0.013765193228001505,192.59150453282152,192.5,14.0,0.2514347817597987,0.5299515301281852,1904.0,304.0,0.03369768428133059,4.810717876608905,True,0.21225594180048116,0.00042829672927807244,0.9259259259259259,-0.04462877006370196,0.15600838727268157,0.23695946607646856,4.891772902695165,0.38461538461538464,0.023122848225539894,5.004884625077994,0.23886965501329369,4,1,False,False,crash_recovery
0.007170215720283918,-0.3546048870425359,-0.9350162426854147,0.05281738038758078,0.08350290925668008,0.7094968272083756,0.0,0.22134376817269552,4.732139210953985,0.840457664614917,1.0896611651677313,2.3270284510783403,0.0,0.0,0.5963020464472447,0.22957571937622975,3.447075602149399,0.5499544918232927,0.159542335385083,0.5499544918232927,0.0,0.22248151738224342,0.0,0.3310555800759523,0.22248151738213665,0.0029202173317726217,1.1351156871832522,0.0003788554882830919,0.032987000969173286,0.004938294093379314,0.044744021586320626,0.011628901338295528,0.02662394995865003,0.0,0.15954233538508297,0.8243415949188508,0.6026528755178066,1.8208532054298734,0.29050317279162435,0.38740671496214896,True,2017-06-02 18:30:00+00:00,2017-06-02 19:30:00+00:00,195.28103430195355,198.29147965730766,0.014815963798610433,0.015415963798610433,3,target,0.01642600028940744,-0.0068807616755858225,False,False,MSFT,2017-06-02 18:00:00+00:00,108,0.009023275986965184,195.28103430195355,197.5,14.0,0.2532851338384748,0.4513751111744711,1536.0,275.0,0.03481690891924386,3.8350699055011575,True,0.10221953486612544,0.0031515373570041283,0.7283950617283951,-0.15813402911267388,0.030818025479598873,0.23936387323024005,3.9018325453005414,0.38461538461538464,0.31500331822093175,5.1309227442126355,0.24873312661688693,4,2,False,False,crash_recovery
0.010436605143034973,0.120536680255323,0.992708874098054,0.22186263361895273,0.23288239420189227,0.7605206392852947,0.0,0.17993113571988908,2.3920391623364043,0.6290201030491764,1.8087273971862818,2.905983687776112,0.0,0.0,0.16743906361273314,0.08262617886632874,1.0500319438745593,0.38954074233447106,0.37097989695082356,0.38954074233447106,0.0,0.29121281358420087,0.0,0.5980448952692508,0.29121281358413514,0.005740680703704358,1.333320190939802,0.0023208666528744537,0.08193162847657853,0.012410377681114415,0.09025656290157569,0.04237326434937527,0.05859110466887829,0.0,0.37097989695082356,1.0,1.8639257330596415,0.6455319080158939,0.23947936071470535,1.1244076639789748,True,2017-06-05 15:30:00+00:00,2017-06-06 19:00:00+00:00,206.64447742818905,207.92997490863942,0.005620817011173718,0.006220817011173718,21,stop,0.021540412329390746,-0.0027490845880553394,False,False,MSFT,2017-06-05 15:00:00+00:00,109,0.020136544870428506,206.64447742818905,210.0,14.0,0.3828805811773483,0.45670432211107953,1595.0,203.0,0.03505326612227806,6.132992612702964,True,0.20221817611583717,5.097286814156368e-05,0.9753086419753086,0.013733335962282461,0.14621564769639675,0.3594961115168895,6.240483323792485,0.38461538461538464,-0.0773969265737946,5.757489094195928,0.36061786917424105,4,5,True,True,crash_recovery
0.01423501716515803,1.0,0.0,0.3009160499139921,2.1707451762668026,0.8646118668638619,0.0,0.11092630287179903,0.7083944182453039,0.6327249608630572,0.04226255184151319,0.344930689919609,0.0,-150.47230141239544,0.24693014478221173,0.039080486973467714,1.3541264031843663,0.4973368277269191,0.3672750391369427,0.4973368277269191,1.0,0.0,0.015047230141239543,0.819320721117103,1.6447414927476234,0.006190149261681364,1.691166938375208,-0.010809990085892784,-0.0068585232966270615,-0.008875339645762037,0.012326703430682207,-0.007659654873383159,-0.001031423840574086,0.0,0.36727503913694276,0.12989530335456106,-0.9714611088518518,0.3686287351680907,0.13538813313613812,1.5614373070344083,True,2017-06-07 14:00:00+00:00,2017-06-08 14:00:00+00:00,114.55289871748033,118.0588230485385,0.03000528690508968,0.03060528690508968,14,target,0.032109152022125276,-0.007585065797601875,False,False,NVDA,2017-06-07 13:30:00+00:00,111,0.0007102486558214828,,,,,,,,,,,,,,,,,,,,,,4,0,False,False,crash_recovery
0.012287893436592291,0.5680647467311559,0.8229838658936564,0.6942798761682759,1.9039587075624995,0.7565011704371303,0.0,0.39865896955670604,1.5001273697934472,0.575937454953005,0.5645250856545039,0.826776708281779,0.0,0.0,0.1138531982505814,0.07358888641652712,0.7839377216230367,0.3324386253901352,0.42406254504699514,0.3324386253901352,0.0,0.37781236724072365,0.0,1.6372110300176004,1.6723978269301207,0.0050744372877070025,2.0027823061913534,0.008604645403917033,0.03254471129589076,0.013183571051478493,0.03814787940937214,0.021834732049213157,0.02004720877002031,1.0,0.4240625450469951,0.8286477467266543,1.5654104146685377,0.5742049902936959,0.2434988295628697,2.294827556419863,True,2017-06-08 15:00:00+00:00,2017-06-08 17:00:00+00:00,118.99313262480625,122.13680873157307,0.02581897088867351,0.02641897088867351,5,target,0.02869924422731729,-0.005390149739832206,False,False,NVDA,2017-06-08 14:30:00+00:00,112,0.003069362211989306,,,,,,,,,,,,,,,,,,,,,,4,1,False,False,crash_recovery
0.012727109718631275,0.8854560256532099,0.4647231720437685,0.5064036732455329,3.205511004029198,0.6899902524052769,0.0,0.38894469237992246,0.8656761555051298,0.596369154793505,0.33894339071390833,1.2359552837095404,0.0,0.0,0.09731145832488339,0.108959340442905,0.7094586813649422,0.28635940719878206,0.40363084520649495,0.28635940719878206,0.0,0.4453572263859896,0.0,1.2546208478850522,2.2453885123043853,0.006705837166520861,1.2935321421703903,0.006486863302799906,0.03156496584957469,0.023515954960771746,0.05878319789085684,0.016911040241472053,0.0034168445636075795,0.0,0.4036308452064949,0.9663587751381143,1.9051635091063956,0.7680526681149179,0.31000974759472305,0.7886717743020305,True,2017-06-09 14:30:00+00:00,2017-06-09 16:30:00+00:00,121.70194471321783,120.45017750408378,-0.010885515256832966,-0.010285515256832967,5,momentum_decay,0.006406822572409654,-0.014208178920100623,False,False,NVDA,2017-06-09 14:00:00+00:00,113,0.005288371894267311,,,,,,,,,,,,,,,,,,,,,,4,2,False,False,crash_recovery
0.014024910326144089,0.120536680255323,0.992708874098054,0.8318083665095067,1.1996248233867837,0.7439702318556959,0.0,0.4872051873930166,2.0298307984216577,0.5628788265628102,1.0728343453337434,2.4270857137532134,0.0,0.0,0.0979878362587132,0.07617458460634825,0.7019771108445038,0.306849058418506,0.4371211734371898,0.306849058418506,0.0,0.4016716037848499,0.0,1.9029239878013589,1.1709336763779257,0.00840910301862162,1.1452277305145204,0.0118037406326299,0.06277038015720637,0.021858343214573805,0.0984128173057548,0.04922074393694964,0.05512196761528765,0.0,0.4371211734371898,0.8139677887497452,1.5312947495623106,0.5857180656132249,0.25602976814430417,0.40310360965644176,True,2017-06-13 15:30:00+00:00,2017-06-13 17:00:00+00:00,242.92678093904956,244.78447495987342,0.007047135542828254,0.007647135542828254,4,stop,0.024971641984221638,-0.011388835622655247,False,False,TSLA,2017-06-13 15:00:00+00:00,115,0.014783189358818314,242.92678093904956,247.5,14.0,0.5361861124341561,0.47337019455296586,1627.0,207.0,0.0474915872779698,10.433278121691401,True,0.03281721428653592,0.0010645087428274266,0.6666666666666666,-0.08926505254909069,-0.033661179834137155,0.5050172093550228,10.68102459094722,0.38461538461538464,0.017251795718724594,10.865291445256917,0.5333894927442153,4,4,True,True,crash_recovery
0.005719432598667037,0.5680647467311559,0.8229838658936564,0.10994904129570295,0.4794558693164815,0.43964751746251396,0.0,0.6624427404558613,0.6567714634837918,0.7974295107113193,-0.4296903025265141,-0.08986999931851117,0.0,0.0,0.13676940943511118,0.5609664190768823,1.170343365424421,0.23707702817383328,0.2025704892886807,0.23707702817383328,0.0,0.5230815371507979,0.0,0.5427692932064548,0.6949916625841045,0.0028937436104403934,1.289429039784797,0.0006292418272673128,-0.0024816839722272555,0.0019442016402606566,-0.002896449877514251,-0.008903460584984924,-0.005646930150284057,0.0,0.2025704892886807,-0.1891472993559822,-1.1542026530399856,2.766209848707869,0.560352482537486,0.7786075179842559,True,2017-06-14 15:00:00+00:00,2017-06-14 15:30:00+00:00,93.1543967858582,92.43512988938183,-0.008321234008200461,-0.007721234008200462,2,stop,0.003301103951112383,-0.00873857965974778,False,False,AAPL,2017-06-14 14:30:00+00:00,116,0.008134979707975894,93.1543967858582,92.5,14.0,0.27429003334360436,0.5697509458635782,1284.0,200.0,0.03492339199334851,2.8455296063744058,True,0.06707962881930785,0.002606514420439528,0.691358024691358,-0.14126491399143953,-0.0076463633781772775,0.2593482925559815,2.8952173793104516,0.38461538461538464,-0.15324669550635717,2.4515348831585495,0.2808476576788251,4,0,False,False,crash_recovery
0.005591478398441769,1.0,0.0,0.01305852053490495,0.06512759449924242,0.5139753220414319,0.0,0.1532365401251795,0.1620489732952777,0.9585819202625703,0.7278118007597544,0.45376684384884947,0.0,-0.329348739911417,0.49268745117004875,0.505597091500815,11.409443539359804,0.47255724230400226,0.041418079737429725,0.47255724230400226,1.0,0.4570976600041704,3.29348739911417e-05,0.3152855134204572,0.45709766000360097,0.0024724898491656887,2.6879006647182484,4.008448832193423e-05,0.016000747447044494,0.001162561871392187,0.01832300564085254,0.00748896421591061,0.0128006408928103,1.0,0.041418079737429676,0.4124043882677618,0.1120204754710765,11.73460191799678,0.4860246779585681,3.81446652558727,True,2017-06-16 14:00:00+00:00,2017-06-16 16:30:00+00:00,208.12754871799532,210.62959120746655,0.011421678556649818,0.012021678556649817,6,target,0.01712034819948971,-0.0024181186720925174,False,False,MSFT,2017-06-16 13:30:00+00:00,118,0.007395338078213417,208.12754871799532,207.5,14.0,0.35252038209113357,0.5416665364917631,1558.0,252.0,0.034249841595798886,7.43676058612192,True,0.019219758123185732,0.003233780915635514,0.5679012345679012,-0.14578291494215403,-0.05073841000491289,0.3334605089138132,7.564114522152198,0.38461538461538464,-0.028163149182867775,7.351085236428529,0.28528137224783695,4,0,False,False,crash_recovery
0.006609049846763616,-0.970941817426052,0.23931566428755768,0.7461321256856785,2.1986061146302704,0.7751526467278721,0.0,0.3898582323310114,2.5241895816916817,0.5696747695985833,0.7402273565754116,1.10630559169365,0.0,0.0,0.1179499994190139,0.06500584621573094,0.8013181472173079,0.3448274163264555,0.43032523040141657,0.3448274163264555,0.0,0.46251100269414747,0.0,1.7338795705510237,1.8820771867690564,0.0026494611330668445,1.3945451899809491,0.004955661891821617,0.027627236381831954,0.007225950884482302,0.038329128440273585,0.009822886589280877,0.015685805116603557,0.0,0.4303252304014166,0.5521676792236625,0.8183756278271731,0.5225056245532466,0.22484735327212788,0.9637096982445036,True,2017-06-16 17:00:00+00:00,2017-06-16 19:00:00+00:00,211.1467257539514,212.0543010322782,0.0036983156621827502,0.00429831566218275,5,stop,0.012275494150991939,-0.003507689346522014,False,False,MSFT,2017-06-16 16:30:00+00:00,118,0.0051328292545547455,211.1467257539514,207.5,30.0,0.24289390788778328,0.6204286282932847,1828.0,200.0,0.025274667923630083,9.539174834649657,True,0.006014553735871911,0.0032638942176192167,0.5185185185185185,-0.14217521259491464,-0.05797575844117468,0.23006350936750636,9.659724572755268,0.38461538461538464,0.006467947474688263,9.722203163911805,0.2350114512220876,4,0,False,False,crash_recovery
0.012608208655011615,0.5680647467311559,0.8229838658936564,0.008992927187884116,0.020247794971083196,0.699072772200467,0.0,0.11420603629861545,1.396993387197283,0.9692838432945428,0.1826783707105491,0.29911993108651946,0.0,0.0,0.6775999433810391,0.3214565743362067,21.759122467025197,0.6683566154950098,0.030716156705457243,0.6683566154950098,0.0,0.2523288765107942,0.0,0.2927751435219878,0.25232887651072217,0.0054743198643528185,1.072717876442444,0.0001133975599527659,0.018220019214622463,0.005746067693729984,0.013525297334034514,0.004301104098956454,0.008713229286510416,0.0,0.030716156705457257,1.0,1.0869919162348478,9.797033876148289,0.30092722779953296,0.22237493944952672,True,2017-06-19 15:00:00+00:00,2017-06-19 18:30:00+00:00,239.3434239640387,240.7246106331458,0.005170731638378379,0.005770731638378379,8,momentum_decay,0.011279019952383118,-0.006372259652833279,False,False,TSLA,2017-06-19 14:30:00+00:00,119,0.010221984143133881,239.3434239640387,242.5,14.0,0.43365728893037636,0.47793507178742367,1601.0,287.0,0.047048037437171855,8.555261690109134,True,0.013316618283284912,0.0026840815141939236,0.5555555555555556,-0.13199232227632235,-0.057280936870067925,0.4095363636218071,8.756515826249663,0.38461538461538464,-0.007089475966859604,8.69443671774604,0.42923050390876916,4,0,False,False,crash_recovery
