date,open,high,low,close,volume
2024-03-27 00:00:00+00:00,114.51606038411458,134.43189697265626,114.51606038411458,130.6976776123047,4960400.0
2024-03-28 00:00:00+00:00,137.34957246225622,137.34957246225622,129.41312482557558,136.17454528808594,2239100.0
2024-04-01 00:00:00+00:00,140.4166037847371,143.72264003158378,136.49319664559508,141.42236328125,1029500.0
2024-04-02 00:00:00+00:00,142.248902126242,151.83836935042802,138.05661085985068,139.410888671875,18246100.0
2024-04-03 00:00:00+00:00,141.70118890039288,143.3940320734555,135.22854161929942,136.76205444335938,8866900.0
2024-04-04 00:00:00+00:00,135.42770800540535,138.7636171848409,124.73290436810197,125.52953338623047,14207700.0
2024-04-05 00:00:00+00:00,124.9718905615247,127.64060571199022,118.49924284319872,122.18367004394531,16054800.0
2024-04-08 00:00:00+00:00,125.59922422113537,131.39473252649498,125.3303637624824,129.41311645507812,12195000.0
2024-04-09 00:00:00+00:00,130.31929789060823,133.03782106815822,127.71032763854275,131.61383056640625,9143500.0
2024-04-10 00:00:00+00:00,128.95505047519822,139.34115265250568,128.3974094448164,137.7877197265625,8376800.0
2024-04-11 00:00:00+00:00,138.61425363229256,138.73375901346228,135.8360004320414,135.99533081054688,5326900.0
2024-04-12 00:00:00+00:00,134.43191869934992,137.52883239717,132.99299197987332,133.43612670898438,3765200.0
2024-04-15 00:00:00+00:00,134.03360024477007,134.7505716520169,129.30358856354454,131.19558715820312,3724900.0
2024-04-16 00:00:00+00:00,131.94244186128358,132.49013050792573,127.71032580158203,129.52267456054688,5870900.0
2024-04-17 00:00:00+00:00,131.4843801635841,137.59854295518048,130.6977111023742,134.1829833984375,6154600.0
2024-04-18 00:00:00+00:00,137.56864202038005,137.82755763347717,134.86008689365104,136.64256286621094,5022300.0
2024-04-19 00:00:00+00:00,136.67245618717325,139.99839792236943,134.3373226600664,134.53150939941406,4518800.0
2024-04-22 00:00:00+00:00,134.94974747281128,136.56292578656127,131.5540928198064,136.1148223876953,2435000.0
2024-04-23 00:00:00+00:00,137.87736544634097,147.72574760718106,137.28983662510456,147.2079315185547,4682800.0
2024-04-24 00:00:00+00:00,146.38143717800278,149.26922816014442,143.74259421827273,145.56488037109375,4684600.0
2024-04-25 00:00:00+00:00,142.39825985396172,151.49979837250865,138.08947188627158,147.6859130859375,6069300.0
2024-04-26 00:00:00+00:00,152.99348159783992,156.58829130977762,149.56795470180643,152.42588806152344,4230500.0
2024-04-29 00:00:00+00:00,152.93373805039917,158.87861753966976,152.93373805039917,158.34088134765625,5416300.0
2024-04-30 00:00:00+00:00,157.47453767116727,162.41367240701354,151.60932371930065,153.0631866455078,3490100.0
2024-05-01 00:00:00+00:00,153.54116885978434,156.04060127634247,148.79223967103394,151.03176879882812,3396800.0
2024-05-02 00:00:00+00:00,152.88393759731517,154.7859038775881,151.0208086619571,153.18267822265625,2530700.0
2024-05-03 00:00:00+00:00,154.97510569683652,166.46653808871926,154.48716217237086,165.56036376953125,4635100.0
2024-05-06 00:00:00+00:00,166.45658932799358,170.44970965707145,163.8177314911248,168.42825317382812,4007000.0
2024-05-07 00:00:00+00:00,167.95026369617864,172.7698927936959,166.4615444893606,166.65573120117188,2884800.0
2024-05-08 00:00:00+00:00,166.29725125940834,166.30720370859703,162.5381428252383,163.30987548828125,3679700.0
2024-05-09 00:00:00+00:00,164.30565033713305,168.00999712393642,163.95711712222334,165.6997528076172,4022600.0
2024-05-10 00:00:00+00:00,168.2888320755118,170.08126054481758,165.29150390918562,166.5661163330078,3459600.0
2024-05-13 00:00:00+00:00,164.3056646353732,166.84493703683563,159.5059403508088,160.8502655029297,4413800.0
2024-05-14 00:00:00+00:00,160.01381440228485,165.8541245931861,158.1915132702838,164.9330291748047,3855400.0
2024-05-15 00:00:00+00:00,167.65151769886356,171.62473267944503,166.25341900251976,167.16357421875,2572000.0
2024-05-16 00:00:00+00:00,167.32289833684877,169.2846094382583,165.6499753722678,165.6997528076172,1604400.0
2024-05-17 00:00:00+00:00,166.17776769214694,166.9345641141807,160.26276099921233,161.93568420410156,1937200.0
2024-05-20 00:00:00+00:00,162.37382661866337,163.60861405867215,159.53582878832415,160.272705078125,1736100.0
2024-05-21 00:00:00+00:00,159.56569875134053,163.7978143057932,158.40062405734653,163.2401580810547,1945300.0
2024-05-22 00:00:00+00:00,163.59864287016245,166.65573126488235,162.3140780180878,163.16050720214844,2018900.0
2024-05-23 00:00:00+00:00,165.71968118231214,169.28461790026714,160.7606419241862,160.9896697998047,3139000.0
2024-05-24 00:00:00+00:00,162.12487688657257,177.02193040341908,161.40790550265822,176.683349609375,4294100.0
2024-05-28 00:00:00+00:00,177.5895241473629,182.01084262316093,176.03609121145087,177.340576171875,2632700.0
2024-05-29 00:00:00+00:00,175.2593846023576,177.9380674004241,173.36338978565846,176.57383728027344,1537700.0
2024-05-30 00:00:00+00:00,176.225277106549,177.06173857681054,173.7656701303978,174.34323120117188,2034100.0
2024-05-31 00:00:00+00:00,176.35475248091228,179.00853122253773,164.70397503492725,175.1597900390625,5454900.0
2024-06-03 00:00:00+00:00,178.17703713451547,178.24674986081962,165.7396060447349,169.65306091308594,3434800.0
2024-06-04 00:00:00+00:00,167.64158035554038,168.69711738822932,160.6511166331074,162.35391235351562,5279800.0
2024-06-05 00:00:00+00:00,164.39529048467324,167.59178935129069,161.7863204203883,162.80203247070312,8005500.0
2024-06-06 00:00:00+00:00,162.5630217457022,163.43932344800524,154.84563480218495,159.63539123535156,5249000.0
2024-06-07 00:00:00+00:00,158.8288043531984,165.0624560320595,158.3707334042456,161.39794921875,4850300.0
2024-06-10 00:00:00+00:00,160.54157604640244,169.28462796949597,159.92219942269492,165.9387664794922,4223600.0
2024-06-11 00:00:00+00:00,164.8035716342705,167.8307725484632,162.61283233122032,167.52207946777344,2036100.0
2024-06-12 00:00:00+00:00,170.8181628115741,178.46585371228062,170.4347883395898,176.77301025390625,4016500.0
2024-06-13 00:00:00+00:00,179.043379211247,181.19429327247423,172.11266118992953,175.42864990234375,3462200.0
2024-06-14 00:00:00+00:00,173.3574055629673,174.04450439455172,165.50060820036578,169.4539031982422,3128300.0
2024-06-17 00:00:00+00:00,169.03569000226494,171.15673179946322,165.45083276680026,168.0498504638672,2804200.0
2024-06-18 00:00:00+00:00,167.2332967319237,179.49149278145526,165.6300711400732,178.81436157226562,3364900.0
2024-06-20 00:00:00+00:00,177.71899790234733,184.71941438559904,174.35819993171984,176.43441772460938,4005300.0
2024-06-21 00:00:00+00:00,176.35475428957136,176.4344042715715,169.6829363009402,174.99050903320312,3793000.0
2024-06-24 00:00:00+00:00,175.80707527438676,178.39612527863716,174.03456678403901,177.390380859375,2552900.0
2024-06-25 00:00:00+00:00,179.04341161614693,180.73625504320015,175.5282669347299,180.68646240234375,2553400.0
2024-06-26 00:00:00+00:00,180.12879261782317,180.96028552347948,176.87254891479387,179.24253845214844,2284000.0
2024-06-27 00:00:00+00:00,177.63931423986355,178.51859410066825,172.52094454484438,175.53819274902344,2541300.0
2024-06-28 00:00:00+00:00,174.06441746162557,175.55810522841082,166.47150464713377,170.7882537841797,3783600.0
2024-07-01 00:00:00+00:00,170.28041503686583,170.4795703781102,164.42515379789444,166.8150634765625,2748200.0
2024-07-02 00:00:00+00:00,164.7139648314521,171.2563106270468,164.7139648314521,169.09544372558594,2447400.0
2024-07-03 00:00:00+00:00,169.38420888294627,174.04450769847233,168.4680669603902,171.95333862304688,1317200.0
2024-07-05 00:00:00+00:00,170.77834155842953,176.69334893916644,170.53934598940637,175.48843383789062,1629500.0
2024-07-08 00:00:00+00:00,176.06596516006312,177.84844118776616,173.43707512568372,173.63623046875,1659100.0
2024-07-09 00:00:00+00:00,173.54660767858434,174.0942962516507,171.87368461312158,172.2520751953125,1800600.0
2024-07-10 00:00:00+00:00,174.19387430559553,179.0433913170786,173.86527634127555,178.9736785888672,1835700.0
2024-07-11 00:00:00+00:00,180.23834462083636,182.38925889947467,175.80707344117366,175.95643615722656,2574500.0
2024-07-12 00:00:00+00:00,177.20117863572202,183.55532393624895,173.66611409107435,179.69065856933594,1603900.0
2024-07-15 00:00:00+00:00,179.4815339012376,181.0449192514826,175.75726680040466,176.6933135986328,3026400.0
2024-07-16 00:00:00+00:00,178.0276957419193,183.11619356109503,177.43021445335614,181.97103881835938,1789700.0
2024-07-17 00:00:00+00:00,179.4417128686222,179.4417128686222,162.2145084689936,165.13218688964844,6033800.0
2024-07-18 00:00:00+00:00,167.29303988913213,170.7285189193682,158.75909597758044,160.81044006347656,4736600.0
2024-07-19 00:00:00+00:00,161.31827626311932,163.00116688489783,158.44043848571465,162.6526336669922,2547800.0
2024-07-22 00:00:00+00:00,165.67986745263792,167.5419935138249,162.99521323956245,166.05825805664062,1738600.0
2024-07-23 00:00:00+00:00,166.29724852242856,170.29036860073316,165.5205320502853,169.77256774902344,3221800.0
2024-07-24 00:00:00+00:00,166.63582689512182,171.57496181957663,162.04522524277192,162.21450805664062,5532100.0
2024-07-25 00:00:00+00:00,165.30147323608398,165.59024623262812,155.7518315313733,159.32672119140625,5163200.0
2024-07-26 00:00:00+00:00,167.75113435428395,173.24391451482785,163.00120205172138,172.38156127929688,3871900.0
2024-07-29 00:00:00+00:00,173.5864714165317,174.03457478454203,169.13527989216306,171.32601928710938,1757800.0
2024-07-30 00:00:00+00:00,172.20231414992688,173.33753168847042,161.7664175848522,162.01536560058594,2639300.0
2024-07-31 00:00:00+00:00,170.5293686308105,179.49647985523902,170.5293686308105,177.48995971679688,4056500.0
2024-08-01 00:00:00+00:00,181.13454608814837,183.08630495762966,171.08700915565692,173.29766845703125,3706800.0
2024-08-02 00:00:00+00:00,168.06974901473282,169.27466385166045,160.82038548520737,164.0367889404297,3314500.0
2024-08-05 00:00:00+00:00,151.7636759168761,164.6940354207898,149.37874986368507,161.5572967529297,3700500.0
2024-08-06 00:00:00+00:00,162.39374154769035,165.76449159007103,159.32670073518858,163.6584014892578,2799900.0
2024-08-07 00:00:00+00:00,167.95026744815218,172.02305271967896,163.9969723437458,165.3711700439453,3312800.0
2024-08-08 00:00:00+00:00,168.4879913573262,176.7132424158577,164.35546092957622,176.46429443359375,2755800.0
2024-08-09 00:00:00+00:00,175.77719527933925,178.79444360379853,171.8736927472761,178.35629272460938,2766500.0
2024-08-12 00:00:00+00:00,177.73894776373865,179.74048453140713,173.65619383782385,175.69757080078125,1797800.0
2024-08-13 00:00:00+00:00,177.30076961791156,179.50146144109817,174.57727787509012,178.89402770996094,1551800.0
2024-08-14 00:00:00+00:00,179.24255723910048,184.41072007062732,177.49992126594256,183.3850555419922,2242700.0
2024-08-15 00:00:00+00:00,184.71939995513355,189.99710013562455,180.8457700193832,188.0254364013672,3478000.0
2024-08-16 00:00:00+00:00,187.9258554971962,188.02544076869128,179.63190968390413,183.28546142578125,2718300.0
2024-08-19 00:00:00+00:00,183.32530985037423,184.7293649962431,180.45244025955427,184.6198272705078,1626900.0
2024-08-20 00:00:00+00:00,184.18170558592132,185.21732263979706,180.91549365928032,183.22573852539062,1138200.0
2024-08-21 00:00:00+00:00,182.69798057289043,184.46053687109963,181.04496201512546,183.48464965820312,1601400.0
2024-08-22 00:00:00+00:00,184.22152365407635,185.95917586627746,181.54284068981124,185.21731567382812,2067900.0
2024-08-23 00:00:00+00:00,180.03916484027684,182.78754480480728,172.341698294291,182.5186767578125,4872700.0
2024-08-26 00:00:00+00:00,180.7163277683137,182.49880395592524,178.43597077566022,181.3636016845703,2176800.0
2024-08-27 00:00:00+00:00,180.23835412314185,186.31269147252735,179.7305056672084,184.7692108154297,1613100.0
2024-08-28 00:00:00+00:00,183.07637579464253,184.58996878149313,180.00933443510692,183.22573852539062,2067600.0
2024-08-29 00:00:00+00:00,185.21730306485887,194.8565618664491,184.5750130013614,190.55474853515625,3155500.0
2024-08-30 00:00:00+00:00,195.0358198407808,200.52262823764622,193.3828014900748,200.15419006347656,3347700.0
2024-09-03 00:00:00+00:00,199.15837735242303,201.74744233583587,186.75878091138648,191.73973083496094,4275300.0
2024-09-04 00:00:00+00:00,192.21769995080663,203.3307406643691,191.31351620860082,198.78993225097656,3765100.0
2024-09-05 00:00:00+00:00,196.26062478872007,199.88530674983906,193.45249949091638,197.60494995117188,3064200.0
2024-09-06 00:00:00+00:00,198.15263339771727,200.3334048704722,192.56624029446087,197.4954071044922,3884700.0
2024-09-09 00:00:00+00:00,199.16834111640134,202.07605176759026,196.54941863774394,200.9607696533203,1654700.0
2024-09-10 00:00:00+00:00,201.88685112151222,202.14575154013613,198.3019942774519,201.159912109375,1894700.0
2024-09-11 00:00:00+00:00,203.24114496353087,209.23580161820047,200.65207979161374,208.26988220214844,3787500.0
2024-09-12 00:00:00+00:00,199.15838852390516,216.17646917657387,198.80985526615666,214.3641357421875,4041400.0
2024-09-13 00:00:00+00:00,219.72150157767138,227.7147320882898,218.08840328423082,224.64071655273438,3697500.0
2024-09-16 00:00:00+00:00,226.92105642267913,230.53577058204718,224.29216649105777,228.96241760253906,2334900.0
2024-09-17 00:00:00+00:00,236.66986989922788,238.9900669559413,232.52737175862586,236.1520538330078,5144000.0
2024-09-18 00:00:00+00:00,237.61588231295096,240.5026853890566,233.0153281325986,234.6782989501953,3255900.0
2024-09-19 00:00:00+00:00,242.28113970938475,243.96901426473642,237.10800871625818,243.42132568359375,3060800.0
2024-09-20 00:00:00+00:00,242.2064665647475,249.79340855158975,241.23059472909745,244.42709350585938,4111400.0
2024-09-23 00:00:00+00:00,246.78213144292658,253.79748375021194,245.75148315105986,250.47154235839844,3336700.0
2024-09-24 00:00:00+00:00,252.931154657577,256.4164264737247,251.05906093406657,254.40492248535156,3804400.0
2024-09-25 00:00:00+00:00,256.0181068064185,256.6653654717748,251.10884477613627,253.9767303466797,2454200.0
2024-09-26 00:00:00+00:00,256.67534497388834,257.5516467597239,246.03032650529585,250.16285705566406,2817700.0
2024-09-27 00:00:00+00:00,249.70476985915374,253.3593242866345,248.5297427176796,248.80856323242188,2293600.0
2024-09-30 00:00:00+00:00,249.9437954960779,254.27549683449942,247.9123864732789,253.90704345703125,3372200.0
2024-10-01 00:00:00+00:00,254.92271675802033,256.51598981558914,250.04334271040503,255.4504852294922,2304100.0
2024-10-02 00:00:00+00:00,249.94376765028977,256.44628756124297,247.45428789281678,251.22833251953125,2769700.0
2024-10-03 00:00:00+00:00,252.0847311274443,256.15751663804156,249.83424674529493,253.60829162597656,1913700.0
2024-10-04 00:00:00+00:00,255.91853234795533,265.29890593209467,252.16439242439998,264.4723815917969,3157300.0
2024-10-07 00:00:00+00:00,264.2931290422771,264.860737712697,259.42369211576454,261.4352111816406,1925100.0
2024-10-08 00:00:00+00:00,262.9189786124833,265.43435034979524,261.14646994624115,263.157958984375,1671900.0
2024-10-09 00:00:00+00:00,263.38698016666535,268.1647942460548,261.77380201240913,265.4781494140625,1891700.0
2024-10-10 00:00:00+00:00,262.8890531131805,265.4283102205431,260.6883615941892,263.5064392089844,1795800.0
2024-10-11 00:00:00+00:00,262.64013583860503,268.97335827146156,259.9514853255412,265.7669372558594,1848400.0
2024-10-14 00:00:00+00:00,266.13540225192656,269.69035689814746,264.57200138572193,268.365966796875,1822300.0
2024-10-15 00:00:00+00:00,268.8638021815555,269.73013623743117,258.9556610195729,265.2391052246094,2190200.0
2024-10-16 00:00:00+00:00,267.7684153524247,275.02774625717296,266.56351575454306,273.61370849609375,1844900.0
2024-10-17 00:00:00+00:00,278.06496296672367,280.18898303829377,270.74591569346376,270.8554382324219,2510100.0
2024-10-18 00:00:00+00:00,272.5383071232775,274.1415176106685,270.2081575565614,271.5723876953125,2353700.0
2024-10-21 00:00:00+00:00,275.8343934207531,276.4318747189913,271.13425380465975,275.26678466796875,2570000.0
2024-10-22 00:00:00+00:00,269.85960004773824,277.1189313771744,269.4065281126139,275.2568054199219,2631800.0
2024-10-23 00:00:00+00:00,272.558220481469,281.77926414868205,267.37015265767235,278.7022705078125,4244600.0
2024-10-24 00:00:00+00:00,284.60726973511004,296.2879192200787,281.80909703315706,295.75018310546875,3620100.0
2024-10-25 00:00:00+00:00,294.14700024777665,297.55259171679904,291.1645778149127,292.3047790527344,2087800.0
2024-10-28 00:00:00+00:00,294.4955561009725,294.6947266835169,286.8677847048193,288.0129699707031,2231600.0
2024-10-29 00:00:00+00:00,286.78808775604324,297.70195925335025,282.904505145512,297.51275634765625,2030600.0
2024-10-30 00:00:00+00:00,298.73758134047023,300.2611417897403,293.43002368321754,296.3476867675781,2085200.0
2024-10-31 00:00:00+00:00,298.73763694644146,302.4310447611346,294.77437335618635,300.3906555175781,2550700.0
2024-11-01 00:00:00+00:00,303.71651734922665,310.2688144178601,299.25535887560744,299.8229675292969,2702200.0
2024-11-04 00:00:00+00:00,296.74596403313365,300.23123542278455,291.3089491742416,294.2166442871094,2070500.0
2024-11-05 00:00:00+00:00,294.6050638855318,315.11838478789855,293.62917680329633,314.44122314453125,3461400.0
2024-11-06 00:00:00+00:00,319.8085229243169,337.15520040699994,317.6576088228926,334.8847961425781,4486400.0
2024-11-07 00:00:00+00:00,337.5734829085523,338.9775532540746,331.10083500617594,335.3628234863281,2347600.0
2024-11-08 00:00:00+00:00,335.08399413906494,341.347534068935,334.33715016995853,339.7442932128906,1720000.0
2024-11-11 00:00:00+00:00,346.3364300627646,348.3180767193841,337.0755770297237,347.96954345703125,2486600.0
2024-11-12 00:00:00+00:00,345.04191625431815,347.9297068781819,317.7572224609571,322.3478088378906,6123700.0
2024-11-13 00:00:00+00:00,333.0127271847408,342.1969074865716,329.15898715973884,331.85760498046875,3054500.0
2024-11-14 00:00:00+00:00,331.85764918749146,333.7008429048017,323.91121814622835,324.66802978515625,2449500.0
2024-11-15 00:00:00+00:00,323.7319510939971,337.8084517052731,323.7319510939971,328.3723449707031,2931300.0
2024-11-18 00:00:00+00:00,325.1957558477588,331.83767055306873,320.8043100871956,324.00079345703125,1815200.0
2024-11-19 00:00:00+00:00,318.6633453999372,338.9575872581233,316.21367567823654,338.5692138671875,2200600.0
2024-11-20 00:00:00+00:00,342.30349328211724,346.53560919905976,336.31877375503916,341.3276062011719,2633600.0
2024-11-21 00:00:00+00:00,348.4275566152049,355.5873023323131,337.9518374623292,338.41986083984375,2671800.0
2024-11-22 00:00:00+00:00,338.41991386782917,348.22847104682774,332.5945246486952,347.69073486328125,2714600.0
2024-11-25 00:00:00+00:00,352.03232152839644,353.4961367537179,326.8129084863934,327.5956115722656,6212400.0
2024-11-26 00:00:00+00:00,330.871760383305,339.27624636687835,329.22372602075643,337.46392822265625,2007900.0
2024-11-27 00:00:00+00:00,337.8024661240843,338.31029928177406,328.2428586850345,333.9188537597656,2318200.0
2024-11-29 00:00:00+00:00,333.05249376441986,335.20340754958164,331.2700484465307,332.71392822265625,883700.0
2024-12-02 00:00:00+00:00,334.31721752395123,345.2111830802956,334.0981420956293,336.1195983886719,2328000.0
2024-12-03 00:00:00+00:00,337.3244995680998,338.529399234715,325.25550683696156,330.52325439453125,2103800.0
2024-12-04 00:00:00+00:00,335.0690240318125,343.2793538023125,332.22605759664015,342.303466796875,2424000.0
2024-12-05 00:00:00+00:00,344.5639023508157,353.19743149637054,343.4884604698796,346.6650390625,2099500.0
2024-12-06 00:00:00+00:00,346.03773479801737,347.85008360891936,339.5650865212199,345.0519104003906,1622800.0
2024-12-09 00:00:00+00:00,338.91777814989166,343.54820439212807,323.13447050795816,333.8392333984375,3045900.0
2024-12-10 00:00:00+00:00,332.80360685491456,335.1735964709754,320.97459690413643,326.0123291015625,3473500.0
2024-12-11 00:00:00+00:00,332.1563713064221,349.1047399112736,331.9273282103118,342.353271484375,6671700.0
2024-12-12 00:00:00+00:00,341.5566733277887,341.5566733277887,326.80899549074513,328.5217590332031,3281800.0
2024-12-13 00:00:00+00:00,333.37121719509673,336.57766838761006,328.0636596417522,330.6128845214844,2972900.0
2024-12-16 00:00:00+00:00,334.64585917967594,339.06717811843237,329.4478236916331,336.2889099121094,4229800.0
2024-12-17 00:00:00+00:00,331.59870694843266,332.59449886119074,322.13868377723117,326.95831298828125,4408900.0
2024-12-18 00:00:00+00:00,326.2114648693454,330.66265587784403,312.8678594873795,315.7855224609375,3906900.0
2024-12-19 00:00:00+00:00,323.58256413779145,336.0398991441816,321.15282966531,331.3995056152344,4584500.0
2024-12-20 00:00:00+00:00,326.99487551533366,344.44431134375685,326.01825476834506,341.474609375,5476100.0
2024-12-23 00:00:00+00:00,343.05911103887433,345.08208729634885,335.834191489036,343.726806640625,1435900.0
2024-12-24 00:00:00+00:00,346.0187968771827,347.7826626304326,342.13229497307117,346.08856201171875,1062400.0
2024-12-26 00:00:00+00:00,344.6037149879341,344.6037149879341,337.7275911763099,341.8831787109375,1210900.0
2024-12-27 00:00:00+00:00,338.7739820456518,339.571202344167,331.3497425662084,332.6452331542969,1506600.0
2024-12-30 00:00:00+00:00,323.2179592223498,334.4788857153784,321.8825985311348,329.11749267578125,1837800.0
2024-12-31 00:00:00+00:00,329.78516488843684,331.94368734288656,326.36703801815077,327.7920837402344,1793800.0
2025-01-02 00:00:00+00:00,331.6387077979173,341.48453239673705,327.3834605751796,337.7674255371094,2471100.0
2025-01-03 00:00:00+00:00,330.54252539182835,353.7519624691357,330.3531802612825,352.80523681640625,2392400.0
2025-01-06 00:00:00+00:00,368.4709157796389,374.99328790001033,365.2421337139804,370.0354919433594,3419100.0
2025-01-07 00:00:00+00:00,371.96874013447024,373.324020701868,355.9902121596049,367.2451171875,2728200.0
2025-01-08 00:00:00+00:00,361.0566012799616,367.514194939386,346.995428832405,365.2121887207031,3160100.0
2025-01-10 00:00:00+00:00,361.9435454851168,366.5575027564147,349.7857384235422,365.8300476074219,2387000.0
2025-01-13 00:00:00+00:00,354.1007198226529,365.5808857600611,351.7887689931491,365.541015625,3267900.0
2025-01-14 00:00:00+00:00,375.01813838986226,387.53468497503206,372.4072070752493,380.9375915527344,3095600.0
2025-01-15 00:00:00+00:00,389.64736840984756,391.4112342955038,378.68542198399507,385.69110107421875,2524000.0
2025-01-16 00:00:00+00:00,392.7067255275062,396.3839624372437,385.6910718315188,389.6473388671875,2111600.0
2025-01-17 00:00:00+00:00,391.9294276709968,402.73192320446753,388.2422156005894,400.0213317871094,2363800.0
2025-01-21 00:00:00+00:00,403.5989361542922,415.7666881585454,393.9225356077816,414.5608825683594,4223300.0
2025-01-22 00:00:00+00:00,428.5124284996591,432.5982507607775,416.6536022584646,425.6224670410156,4973900.0
2025-01-23 00:00:00+00:00,422.1644626941629,445.9518798907974,421.197817179372,436.19573974609375,3925000.0
2025-01-24 00:00:00+00:00,435.4184689472091,435.4184689472091,414.56088187667035,419.03533935546875,4717500.0
2025-01-27 00:00:00+00:00,338.4251942926284,351.7788322679924,321.1850236424894,328.8583984375,13356800.0
2025-01-28 00:00:00+00:00,350.19931009146114,354.2801449091084,316.600948694907,353.8914794921875,10396700.0
2025-01-29 00:00:00+00:00,357.0604408292307,367.5639859746696,345.06211537993806,352.0279235839844,5449800.0
2025-01-30 00:00:00+00:00,363.7373238568978,386.2990179399214,363.6675587150849,381.6152648925781,5682500.0
2025-01-31 00:00:00+00:00,384.2261846638201,385.74091540132434,369.2780759221153,371.5900573730469,4139500.0
2025-02-03 00:00:00+00:00,349.12804740099887,365.92475099205467,347.742871712816,360.4587097167969,4079400.0
2025-02-04 00:00:00+00:00,359.35252767080766,364.8135504098552,348.3556990748113,355.2966003417969,2766400.0
2025-02-05 00:00:00+00:00,362.7108431866319,368.19680344735315,358.38586111156064,366.6571350097656,2810000.0
2025-02-06 00:00:00+00:00,364.72384974416343,378.7352068134645,363.3366670640814,373.53326416015625,2460800.0
2025-02-07 00:00:00+00:00,379.3630615307438,388.5412221893945,374.091383747581,376.6624450683594,2391700.0
2025-02-10 00:00:00+00:00,377.8383228384345,384.36568133205947,370.7130643770292,383.6680908203125,2078900.0
2025-02-11 00:00:00+00:00,379.9808579372777,381.75469870553854,368.0921377766305,371.60992431640625,2064300.0
2025-02-12 00:00:00+00:00,363.4981482445799,376.95144594696495,358.4855503912085,368.3712158203125,1825400.0
2025-02-13 00:00:00+00:00,374.69924885766136,375.89510968903005,359.35253038578566,369.0289306640625,2609700.0
2025-02-14 00:00:00+00:00,368.00248478187154,368.00248478187154,355.76496832054687,366.3183288574219,2238800.0
2025-02-18 00:00:00+00:00,366.64719277051415,376.46309232921385,362.0929954036601,371.958740234375,2407300.0
2025-02-19 00:00:00+00:00,368.66019529070843,375.17757868115615,364.98295840987805,373.9020080566406,1670900.0
2025-02-20 00:00:00+00:00,373.7625298846361,381.9640702975077,351.8884506789032,358.43572998046875,3456000.0
2025-02-21 00:00:00+00:00,356.36291454865534,358.6848406996058,324.29424624786066,326.7457275390625,6965000.0
2025-02-24 00:00:00+00:00,326.24742872967886,328.2474740474528,302.3902470942678,314.8171081542969,7156900.0
2025-02-25 00:00:00+00:00,306.19703264408713,320.98967344987443,296.9690582173062,316.5909423828125,6835200.0
2025-02-26 00:00:00+00:00,333.6716454545064,340.88661942431116,326.7158121610464,334.0802307128906,4676800.0
2025-02-27 00:00:00+00:00,343.98585517952847,347.3043521976574,320.8860528363399,325.1512451171875,4768000.0
2025-02-28 00:00:00+00:00,321.234874537597,334.83764790118124,317.5775570854889,334.0204772949219,4096600.0
2025-03-03 00:00:00+00:00,333.5421426370537,336.2626789432817,307.7048332011303,314.88690185546875,4846200.0
2025-03-04 00:00:00+00:00,304.7420696511992,320.537242498752,293.431359420266,311.9869384765625,6257500.0
2025-03-05 00:00:00+00:00,313.4617939431849,322.76950873324154,310.1134325481852,315.7040100097656,4617100.0
2025-03-06 00:00:00+00:00,305.61908263175343,308.0107741358705,287.28274055084563,292.1956787109375,7501000.0
2025-03-07 00:00:00+00:00,291.98637595252717,299.95870021061666,278.59286876597656,288.2991638183594,7397700.0
2025-03-10 00:00:00+00:00,275.0153197717278,280.3966331088225,265.5481837559476,269.1955261230469,6818800.0
2025-03-11 00:00:00+00:00,269.05596853959105,290.52146011716417,267.58110801571183,283.2267761230469,5274800.0
2025-03-12 00:00:00+00:00,300.53665925648323,306.93446240609876,291.37848038645944,297.6466979980469,4541500.0
2025-03-13 00:00:00+00:00,295.97251263027704,302.44005039665393,284.36282251017644,299.2012939453125,2880400.0
2025-03-14 00:00:00+00:00,305.38982985333826,314.7074586331775,301.9517531722206,312.54498291015625,4404500.0
2025-03-17 00:00:00+00:00,311.4188856248101,334.1300506310164,309.924074973811,330.8115539550781,4376600.0
2025-03-18 00:00:00+00:00,327.8618619541011,329.83201252923317,313.4738202496569,317.8266906738281,2773800.0
2025-03-19 00:00:00+00:00,322.1466672114668,342.23193901690144,319.3912182348625,334.6382751464844,3445600.0
2025-03-20 00:00:00+00:00,328.13088990057713,341.15568194782594,328.13088990057713,335.66473388671875,3500100.0
2025-03-21 00:00:00+00:00,329.4961293051722,333.9925129780139,323.9852317503135,332.7149353027344,3012100.0
2025-03-24 00:00:00+00:00,343.04910433729765,348.41049728621834,337.9767166591413,342.3814392089844,3141000.0
2025-03-25 00:00:00+00:00,342.68040604208875,343.74671176674593,332.0572797582823,335.0369567871094,2631700.0
2025-03-26 00:00:00+00:00,334.2895150933162,334.2895150933162,313.5714300661541,316.6009216308594,3798600.0
2025-03-27 00:00:00+00:00,309.1069359718622,313.90029351418167,301.2840866865621,301.9517822265625,3814200.0
2025-03-28 00:00:00+00:00,300.9552436379315,307.81144743176264,298.09517714874994,301.88201904296875,2725300.0
2025-03-31 00:00:00+00:00,290.342075345747,304.9712823141942,287.00365865057086,304.223876953125,4678300.0
2025-04-01 00:00:00+00:00,306.5359006078396,315.3353408958014,301.35387722219093,314.548095703125,3544500.0
2025-04-02 00:00:00+00:00,306.0176655409418,334.62337969769817,304.94141510420906,329.6556091308594,4203200.0
2025-04-03 00:00:00+00:00,305.89313888580426,314.77730779099943,292.45978963889604,296.63031005859375,5752200.0
2025-04-04 00:00:00+00:00,276.2011442433142,282.4893118101642,251.37731893059882,270.5408020019531,8095800.0
2025-04-07 00:00:00+00:00,256.13083253886924,297.4573689643361,252.20049170547532,285.0803527832031,6522200.0
2025-04-08 00:00:00+00:00,302.7191648888277,305.9977923873165,278.60487438726733,285.8975830078125,5858400.0
2025-04-09 00:00:00+00:00,282.230212582772,332.1469201186906,280.5869305172297,325.67938232421875,7482600.0
2025-04-10 00:00:00+00:00,310.9604818976725,321.125175958188,302.0514080891264,308.8777160644531,4444800.0
2025-04-11 00:00:00+00:00,308.92757242311455,322.09186465520287,304.94141019830016,320.3180236816406,2800700.0
2025-04-14 00:00:00+00:00,332.1768382820734,333.0936689421185,316.4016152254977,321.18499755859375,2467500.0
2025-04-15 00:00:00+00:00,322.2512922853451,329.98445619318795,321.9523423041665,327.42333984375,1635300.0
2025-04-16 00:00:00+00:00,317.46792955364043,331.1603869460745,314.90681304738047,327.0247497558594,4015200.0
2025-04-17 00:00:00+00:00,334.3549225969761,339.0721337389185,320.91130302215424,322.676513671875,2860900.0
2025-04-21 00:00:00+00:00,319.13610335505246,324.0527866429205,305.3833233792423,312.2347717285156,2526800.0
2025-04-22 00:00:00+00:00,318.18863008714,330.32578742571246,316.7425629971205,325.189697265625,3471400.0
2025-04-23 00:00:00+00:00,353.0841999186181,357.91112962522584,332.29048297794066,335.1826477050781,5443600.0
2025-04-24 00:00:00+00:00,341.5653498118134,365.67011002904127,336.3993418677124,359.5167541503906,4980400.0
2025-04-25 00:00:00+00:00,358.8385795377225,375.13446101774014,355.97633285719763,371.41455078125,3961100.0
2025-04-28 00:00:00+00:00,369.9984083127621,378.93621912927625,360.65370944683826,369.0609436035156,3001500.0
2025-04-29 00:00:00+00:00,368.6221583587556,371.0854914931973,362.2394420696735,370.18792724609375,2430000.0
2025-04-30 00:00:00+00:00,359.0081769705784,370.5070483409267,356.67449789467037,369.81890869140625,2756800.0
2025-05-01 00:00:00+00:00,382.3051182971468,386.47382651873085,377.44827038884296,381.2579650878906,3246800.0
2025-05-02 00:00:00+00:00,389.944386042428,402.33086816702286,384.5090876690404,395.2500305175781,3602400.0
2025-05-05 00:00:00+00:00,390.9417420127221,402.7098741135182,389.1575702037187,400.0171813964844,2296900.0
2025-05-06 00:00:00+00:00,393.5047662454001,401.55298655299686,391.06136846318094,400.14678955078125,2242700.0
2025-05-07 00:00:00+00:00,398.92011837648676,406.1904460557513,395.9382002308832,405.71173095703125,2488700.0
2025-05-08 00:00:00+00:00,408.8931142739233,412.6329903191116,392.79667316654195,392.9363098144531,3346400.0
2025-05-09 00:00:00+00:00,395.18021496601074,398.700683550067,385.98510565526163,398.1820983886719,2383700.0
2025-05-12 00:00:00+00:00,413.8796141877327,417.6693430592315,407.7163057917439,415.5052185058594,2989900.0
2025-05-13 00:00:00+00:00,419.7736730465482,442.80133332798096,418.8661261210631,432.1601257324219,4769700.0
2025-05-14 00:00:00+00:00,437.73508142113394,439.15123086927525,430.65424287485365,431.6714782714844,2577200.0
2025-05-15 00:00:00+00:00,429.0086949973759,431.62161698412183,424.2416006523869,425.81732177734375,2954300.0
2025-05-16 00:00:00+00:00,429.8364231852606,430.2981858786307,421.95775701437844,426.90435791015625,2603800.0
2025-05-19 00:00:00+00:00,423.3539460232473,446.23700701792416,420.4996732628168,445.394287109375,3128700.0
2025-05-20 00:00:00+00:00,442.58190291424415,450.14641677473986,441.36221274562536,448.82501220703125,2756700.0
2025-05-21 00:00:00+00:00,445.7932564255962,461.7500620247227,445.29460625062353,451.8069763183594,3932400.0
2025-05-22 00:00:00+00:00,451.77703431561326,463.4454599587679,447.239330140603,457.5813293457031,2713800.0
2025-05-23 00:00:00+00:00,458.7681416388859,468.5426772112985,457.55143400005795,463.1363220214844,3571600.0
2025-05-27 00:00:00+00:00,470.3667449777355,474.72494257547805,464.7419564750259,470.2370910644531,2942600.0
2025-05-28 00:00:00+00:00,467.2750855931925,486.0841544212876,466.23788477152686,483.70062255859375,3318100.0
2025-05-29 00:00:00+00:00,485.93458618166534,487.80951567319744,460.75275282899827,469.89801025390625,4291100.0
2025-05-30 00:00:00+00:00,468.7311287096797,472.51090526942556,462.08910523361345,471.7030944824219,5092500.0
2025-06-02 00:00:00+00:00,473.71764497343423,484.9671911987642,471.2144114681033,483.8502197265625,2514400.0
2025-06-03 00:00:00+00:00,492.66634772928285,499.36820695628717,483.69064503785864,491.6391296386719,3476900.0
2025-06-04 00:00:00+00:00,492.39708252833753,498.0816759131812,485.19657322605065,486.81219482421875,2193600.0
2025-06-05 00:00:00+00:00,489.74429310451865,492.53672192712315,478.243412495095,483.0025329589844,2443700.0
2025-06-06 00:00:00+00:00,485.4658672486845,487.63002241791526,476.7095713192655,483.690673828125,2101100.0
2025-06-09 00:00:00+00:00,490.67173538208004,490.98089603256665,478.5046598509691,478.7041320800781,2346900.0
2025-06-10 00:00:00+00:00,481.0577605166099,481.3868866609702,457.4077917967465,464.0538024902344,3944400.0
2025-06-11 00:00:00+00:00,468.25241341611263,483.02242803054116,462.747326863542,482.1647644042969,3100400.0
2025-06-12 00:00:00+00:00,477.5173580347376,488.3879253048102,476.80928333791667,486.35345458984375,2431900.0
2025-06-13 00:00:00+00:00,476.39041497922193,483.3196557336535,472.92978161199784,477.1583557128906,2433900.0
2025-06-16 00:00:00+00:00,478.70416514771017,491.20033724134584,478.70416514771017,486.5628967285156,2134800.0
2025-06-17 00:00:00+00:00,485.45584713615744,492.68627417803145,480.2998217237961,487.34075927734375,2160400.0
2025-06-18 00:00:00+00:00,485.4758232388974,489.80410290365313,480.7087290058079,488.86663818359375,2240200.0
2025-06-20 00:00:00+00:00,492.19762563036574,494.67094138022316,479.25265652224925,485.6453552246094,4002400.0
2025-06-23 00:00:00+00:00,485.3461756595674,498.690058763403,477.7467521177895,498.5304870605469,3098000.0
2025-06-24 00:00:00+00:00,504.5940461802669,511.4355419956091,495.3889839825676,509.46087646484375,2692600.0
2025-06-25 00:00:00+00:00,514.6069887662264,521.5581430982496,500.89410873611865,501.31298828125,2476000.0
2025-06-26 00:00:00+00:00,503.636630908976,507.53607857477107,497.4633398695538,505.4417419433594,2205700.0
2025-06-27 00:00:00+00:00,505.6312247118283,531.1521647894205,501.64202372790857,518.2570190429688,9150300.0
2025-06-30 00:00:00+00:00,522.85466607789,529.9354741078164,515.1993633848062,527.7214965820312,2030100.0
2025-07-01 00:00:00+00:00,523.7421882311029,526.5745478091033,480.898207161859,504.6339416503906,6527000.0
2025-07-02 00:00:00+00:00,501.2231834309709,510.1390507621066,495.95743893779996,503.70648193359375,3389500.0
2025-07-03 00:00:00+00:00,510.3584248052419,518.3069395221279,504.6538661063114,515.6441040039062,1809200.0
2025-07-07 00:00:00+00:00,518.5961730678301,529.7559662269321,512.6921721412264,528.8484497070312,2268100.0
2025-07-08 00:00:00+00:00,533.5556542738428,535.7696316962254,510.11909749732826,528.5691528320312,3130700.0
2025-07-09 00:00:00+00:00,534.1141534192827,544.1569748798468,528.5691661114944,534.3236083984375,2295700.0
2025-07-10 00:00:00+00:00,537.584787230709,540.9058146158569,518.5962094740742,537.9039306640625,2506200.0
2025-07-11 00:00:00+00:00,536.5475651651303,545.1742371688184,533.2265380991194,537.7044067382812,2286500.0
2025-07-14 00:00:00+00:00,539.9882872578564,554.354367162339,538.5421895747365,553.5415649414062,2471700.0
2025-07-15 00:00:00+00:00,555.306814313561,559.1165090158245,544.017366866891,558.0992431640625,2576900.0
2025-07-16 00:00:00+00:00,558.1091650372101,564.9905611597028,550.5097419473497,559.6549682617188,1953400.0
2025-07-17 00:00:00+00:00,567.1148212553405,579.6957543860075,564.6913280402664,568.6306762695312,2569400.0
2025-07-18 00:00:00+00:00,569.0694877495564,577.461808409243,565.4692484135214,573.0487060546875,2052800.0
2025-07-21 00:00:00+00:00,574.8347333564235,576.316354380654,563.3807006056425,564.6278686523438,2146800.0
2025-07-22 00:00:00+00:00,557.2446670954467,557.2446670954467,535.9380677971959,547.7462158203125,3938500.0
2025-07-23 00:00:00+00:00,594.4002882827409,632.2842354619684,583.674643131185,627.6049194335938,7081300.0
2025-07-24 00:00:00+00:00,630.8375801005669,631.63575548108,613.9059948200504,622.5563354492188,3918600.0
2025-07-25 00:00:00+00:00,628.5727267484982,649.7446233300641,624.5817888008887,643.1296997070312,3604500.0
2025-07-28 00:00:00+00:00,636.8139602438222,647.0487152115994,629.7300095507259,646.192626953125,2920600.0
2025-07-29 00:00:00+00:00,645.5241978389364,654.164612221662,628.5627122998995,631.2366333007812,2749900.0
2025-07-30 00:00:00+00:00,638.5001612402726,654.683384479133,633.7309614300216,653.5160522460938,2699600.0
2025-07-31 00:00:00+00:00,658.5047463110976,675.7555532726437,654.5836571747798,658.7940673828125,3343000.0
2025-08-01 00:00:00+00:00,636.7341920747525,662.7551247294587,631.0271799995621,655.0126953125,3077400.0
2025-08-04 00:00:00+00:00,657.8661850100491,673.4408054593317,652.4684683261925,661.2684936523438,2155900.0
2025-08-05 00:00:00+00:00,659.7419059819117,663.6031333614733,642.5010866656867,648.2479858398438,2180200.0
2025-08-06 00:00:00+00:00,645.1649894524626,664.7804206428632,642.5409431513833,663.0443725585938,1894900.0
2025-08-07 00:00:00+00:00,664.2615917145179,667.8663819085502,637.0733317400524,644.3966674804688,2239900.0
2025-08-08 00:00:00+00:00,653.7454270972045,654.7631355720632,637.7218166457843,647.619384765625,1888700.0
2025-08-11 00:00:00+00:00,639.5478072138459,651.939652511543,635.9260261483572,649.2857055664062,1687600.0
2025-08-12 00:00:00+00:00,651.2611366709679,661.3332970149999,649.5250885740394,655.9505004882812,1803400.0
2025-08-13 00:00:00+00:00,660.8194122439562,664.640751799166,612.8383412661765,632.8728637695312,3936400.0
2025-08-14 00:00:00+00:00,625.5794545403431,638.8293963008197,618.8747087556732,623.8533935546875,2534400.0
2025-08-15 00:00:00+00:00,622.6162295246694,622.6162295246694,606.4828203619364,620.5009765625,2488200.0
2025-08-18 00:00:00+00:00,619.9721752221526,627.1209199164222,612.838350261509,623.6039428710938,1860400.0
2025-08-19 00:00:00+00:00,619.1440658935685,619.5730843752779,593.841536282036,601.7635498046875,3096700.0
2025-08-20 00:00:00+00:00,591.2673761947792,606.3930640063496,579.9131536969039,603.2202758789062,3575800.0
2025-08-21 00:00:00+00:00,605.6447226808901,618.5952950153413,603.9385750249901,604.6270141601562,2566600.0
2025-08-22 00:00:00+00:00,606.5925044267103,622.5662406104153,601.1349269346642,605.694580078125,2727700.0
2025-08-25 00:00:00+00:00,607.4506209800692,613.0788316757344,595.6813261335127,600.9453735351562,2130000.0
2025-08-26 00:00:00+00:00,602.4819238087069,627.1559381889926,601.6757709363419,624.491943359375,2689400.0
2025-08-27 00:00:00+00:00,623.8034025889823,628.5077465536066,616.5997902569304,620.9798583984375,1862900.0
2025-08-28 00:00:00+00:00,625.3600153781817,645.4843017837694,625.3600153781817,632.2543334960938,2256400.0
2025-08-29 00:00:00+00:00,630.4284555895711,633.5613562815522,607.959517875887,611.5812377929688,2266400.0
2025-09-02 00:00:00+00:00,589.21200564915,592.6542013210455,566.5734109102877,578.3666381835938,5267300.0
2025-09-03 00:00:00+00:00,584.9567161487123,584.9567161487123,564.1489836480565,575.732666015625,3657500.0
2025-09-04 00:00:00+00:00,579.49408967267,599.0097712671031,578.7457889046368,597.4533081054688,3195400.0
2025-09-05 00:00:00+00:00,598.600725609719,603.130417659007,564.2187778100388,580.76123046875,3477700.0
2025-09-08 00:00:00+00:00,593.0633559429859,604.6271259551393,583.6148391622766,598.8701782226562,2513700.0
2025-09-09 00:00:00+00:00,604.9762496329674,606.3132405690116,593.4225287342247,604.3277587890625,1863900.0
2025-09-10 00:00:00+00:00,623.5840405148402,643.7283017955068,621.5885715851928,642.1019897460938,3878700.0
2025-09-11 00:00:00+00:00,647.2801538588288,652.0193919795679,618.6950406244649,632.7132568359375,4099900.0
2025-09-12 00:00:00+00:00,630.6878738826,645.4144435995454,622.7359598212063,624.1327514648438,2640400.0
2025-09-15 00:00:00+00:00,628.7223775529756,638.4403011905936,622.6860355135266,627.2556762695312,1851900.0
2025-09-16 00:00:00+00:00,628.0738399383554,632.0847519377508,607.3508758039839,616.5100708007812,3104100.0
2025-09-17 00:00:00+00:00,615.0034933525732,617.711333729547,599.7580828660298,613.3970947265625,2058400.0
2025-09-18 00:00:00+00:00,621.548648086439,625.6792222496531,609.61572265625,609.61572265625,2245600.0
2025-09-19 00:00:00+00:00,610.304213445203,624.2425350587557,595.1545919801307,622.7559204101562,4107300.0
2025-09-22 00:00:00+00:00,618.7050495011704,647.0307430609059,618.7050495011704,642.9100952148438,2566000.0
2025-09-23 00:00:00+00:00,643.2193385164237,643.2602612121503,620.790291033569,631.974853515625,2427200.0
2025-09-24 00:00:00+00:00,638.5500847934273,640.5455538084068,622.77590466589,627.5450439453125,1617200.0
2025-09-25 00:00:00+00:00,613.5119557088208,618.3429661344749,592.0356964561488,606.1436767578125,3202500.0
2025-09-26 00:00:00+00:00,608.6179631985743,613.7463324545462,596.7548869727821,603.7988891601562,1845300.0
2025-09-29 00:00:00+00:00,611.0624426406021,615.0433931347384,595.0288435989386,601.0651245117188,2188700.0
2025-09-30 00:00:00+00:00,603.5096390002976,613.546845464259,601.9322271158155,613.5069580078125,1818700.0
2025-10-01 00:00:00+00:00,598.2814726843058,609.2764644075121,593.6519704340741,604.7767333984375,2423600.0
2025-10-02 00:00:00+00:00,609.7254550956135,621.0896645366832,602.2474406329018,604.8565063476562,2044600.0
2025-10-03 00:00:00+00:00,608.9072915761955,610.3640056908291,586.6678142152963,593.6419677734375,2668500.0
2025-10-06 00:00:00+00:00,604.6270634602954,607.2112224238357,592.3549421733975,601.8533325195312,1950800.0
2025-10-07 00:00:00+00:00,601.788516765077,608.0093760873359,590.6587603857545,604.7467651367188,2161700.0
2025-10-08 00:00:00+00:00,611.6112140155335,625.0217417253808,597.642931803107,624.0330200195312,2286500.0
2025-10-09 00:00:00+00:00,627.5749281169528,635.7064877128299,619.7038244515152,632.8330078125,2414000.0
2025-10-10 00:00:00+00:00,628.5726732390984,632.8330186224969,601.2297327226976,603.1903076171875,3003600.0
2025-10-13 00:00:00+00:00,611.7907590642026,654.5037653833065,611.7508716119264,646.7813110351562,3406800.0
2025-10-14 00:00:00+00:00,633.5613580888752,655.3917921180814,614.4447933543939,642.9500122070312,2890500.0
2025-10-15 00:00:00+00:00,648.6968812690353,663.1869864814888,612.1998050684056,614.554443359375,3246000.0
2025-10-16 00:00:00+00:00,620.09192918543,622.2121147840126,593.8515266623484,600.6361083984375,3500600.0
2025-10-17 00:00:00+00:00,593.9214214472472,607.439676180544,590.3106018633271,598.6406860351562,2747700.0
2025-10-20 00:00:00+00:00,606.9951917734206,608.8717193231485,592.5818981446838,592.97119140625,2634400.0
2025-10-21 00:00:00+00:00,592.7615045745495,595.6761472262557,580.6839106794337,584.247314453125,3956400.0
2025-10-22 00:00:00+00:00,605.8772937986586,608.4125738868217,531.7346527217628,574.9346313476562,10333100.0
2025-10-23 00:00:00+00:00,578.9271924403581,598.8901990762325,578.9271924403581,594.0491943359375,3952700.0
2025-10-24 00:00:00+00:00,605.8773096154155,612.6747115911788,583.0995095445725,583.3091430664062,3694200.0
2025-10-27 00:00:00+00:00,589.7072605021816,592.9762275218142,578.9372393192879,583.3091430664062,2842400.0
2025-10-28 00:00:00+00:00,588.9087290388732,590.8251607259858,563.9549693338362,569.9238891601562,3589300.0
2025-10-29 00:00:00+00:00,575.2040721950651,584.4918530919583,568.217995102397,576.90087890625,2808500.0
2025-10-30 00:00:00+00:00,568.9456994759378,591.5737508512473,568.4466243009589,573.0081787109375,2305100.0
2025-10-31 00:00:00+00:00,579.056996009842,590.9050363755504,575.4337051866635,584.0577392578125,2789500.0
2025-11-03 00:00:00+00:00,589.4077748682083,592.1726708009019,575.6931989651534,580.1848754882812,1853200.0
2025-11-04 00:00:00+00:00,569.9438336461242,575.1442187537884,540.4385125758703,546.9464721679688,3994900.0
2025-11-05 00:00:00+00:00,548.9826638131977,566.4802677770556,540.288752786979,558.6647338867188,2844700.0
2025-11-06 00:00:00+00:00,557.057800051482,559.4683114069074,544.4011989927809,549.1524047851562,2215300.0
2025-11-07 00:00:00+00:00,545.6887576171353,575.8229163090333,538.1027791115433,574.066162109375,2823800.0
2025-11-10 00:00:00+00:00,585.2354985957919,594.7379090668913,567.1490198052147,578.7275390625,2555800.0
2025-11-11 00:00:00+00:00,579.5310590703679,581.7220063788885,562.0584324825318,575.0144653320312,1748500.0
2025-11-12 00:00:00+00:00,578.388242510133,587.8506886400394,572.9483107416695,574.3357543945312,2026300.0
2025-11-13 00:00:00+00:00,573.257726036755,573.257726036755,536.3660665435964,557.1375732421875,5166900.0
2025-11-14 00:00:00+00:00,544.191611262071,590.7153868700151,541.9048330953788,577.2403564453125,4037300.0
2025-11-17 00:00:00+00:00,571.9401141074537,591.2542977803988,568.7859860082222,575.9526977539062,2998000.0
2025-11-18 00:00:00+00:00,568.0074337224557,575.4117427225968,551.8174643454802,553.903564453125,2986000.0
2025-11-19 00:00:00+00:00,559.9623169391243,598.890178544518,559.7626746951577,594.2687377929688,4212100.0
2025-11-20 00:00:00+00:00,606.0768989552364,626.8484051048083,556.6584658479552,556.9978637695312,4874600.0
2025-11-21 00:00:00+00:00,561.9686102423741,564.7035323172594,529.1793363286614,554.8118896484375,4872800.0
2025-11-24 00:00:00+00:00,558.4052080674044,581.9216267742557,557.2273980202821,579.416259765625,2748900.0
2025-11-25 00:00:00+00:00,573.9364659156238,580.9235185441619,552.2266952483807,571.5009765625,2356500.0
2025-11-26 00:00:00+00:00,580.6240266196,595.8757311280422,578.4081013315575,588.629150390625,2223800.0
2025-11-28 00:00:00+00:00,593.8993873994671,598.6605834960938,587.4413846480747,598.6605834960938,1006600.0
2025-12-01 00:00:00+00:00,588.9086916640305,588.9086916640305,573.7367945417931,575.8329467773438,2302500.0
2025-12-02 00:00:00+00:00,585.0858141163243,608.712078400886,583.9179951841905,600.4673461914062,2890800.0
2025-12-03 00:00:00+00:00,594.7778655598669,607.7208618214338,574.3157823483733,600.8565673828125,2754500.0
2025-12-04 00:00:00+00:00,603.8809598559783,637.9578273194421,601.7848684964575,627.9463500976562,3698500.0
2025-12-05 00:00:00+00:00,629.6931116244217,638.8162203932559,620.0510061036564,630.1522827148438,2348000.0
2025-12-08 00:00:00+00:00,629.8927247500063,635.2208637136686,606.2765155002083,620.7496948242188,2540100.0
2025-12-09 00:00:00+00:00,615.8587964858664,635.7020313015262,612.0658371522542,624.1434326171875,3017500.0
2025-12-10 00:00:00+00:00,690.8698050863886,729.6479227110888,677.7441033116679,721.6627197265625,11396400.0
2025-12-11 00:00:00+00:00,709.8346177809036,709.8346177809036,679.9400037927683,702.8974609375,4830900.0
2025-12-12 00:00:00+00:00,696.559194055641,697.6472047377462,655.1559372302803,670.4675903320312,5225700.0
2025-12-15 00:00:00+00:00,687.2066002759477,693.7644560236057,673.751551745112,680.0897827148438,3529600.0
2025-12-16 00:00:00+00:00,685.7292700863148,698.5854510863137,669.763860585961,684.95068359375,3572200.0
2025-12-17 00:00:00+00:00,685.7293466120913,692.7163996343396,611.9560750072635,613.0540161132812,6770100.0
2025-12-18 00:00:00+00:00,648.0990542047267,657.4717012508272,635.3576494979709,638.247314453125,4426500.0
2025-12-19 00:00:00+00:00,645.5836500177039,659.3681025777262,640.4131780944593,657.0623779296875,4489100.0
2025-12-22 00:00:00+00:00,669.8686624759249,670.1581650658185,655.5851334958169,660.5858764648438,2694300.0
2025-12-23 00:00:00+00:00,663.5903243123834,663.5903243123834,652.7903301933147,660.2265625,1997600.0
2025-12-24 00:00:00+00:00,659.4081255595243,672.2543167610429,657.0525051585134,666.0857543945312,1110900.0
2025-12-26 00:00:00+00:00,666.2254504968456,666.9640720037977,659.2683109200217,662.2328491210938,1155300.0
2025-12-29 00:00:00+00:00,658.379942492574,669.7588807823716,650.4846000778201,662.2328491210938,2186100.0
2025-12-30 00:00:00+00:00,664.4188153206316,667.2036329090182,658.1304192786881,658.419921875,1207000.0
2025-12-31 00:00:00+00:00,655.5851512214242,665.4268992541338,651.5426544049728,652.3611450195312,1259900.0
2026-01-02 00:00:00+00:00,659.9670641331911,678.5127155874648,657.1822464546066,678.2930908203125,2741800.0
2026-01-05 00:00:00+00:00,689.8502051249519,697.9611494022819,668.753751117191,680.10107421875,2446600.0
2026-01-06 00:00:00+00:00,680.3507286169453,686.2791102295638,658.0656007802173,685.56494140625,2490800.0
2026-01-07 00:00:00+00:00,685.2353229075079,686.2242096100258,660.562843548172,661.5817260742188,2601100.0
2026-01-08 00:00:00+00:00,660.3830204809692,660.3830204809692,619.0591420102711,627.6995239257812,4310100.0
2026-01-09 00:00:00+00:00,631.6151521453716,631.6151521453716,620.4176261272177,621.8060913085938,3105800.0
2026-01-12 00:00:00+00:00,619.1789832472161,644.0312526712479,616.4220502549861,639.0568237304688,2828900.0
2026-01-13 00:00:00+00:00,640.2854340895874,658.4351616949381,639.6850908959043,651.3630981445312,2090200.0
2026-01-14 00:00:00+00:00,647.1977352648782,653.2709748541938,636.4897142990695,643.4619140625,2396200.0
2026-01-15 00:00:00+00:00,653.440792272528,665.5373398245752,638.7172324204059,641.5140991210938,2394900.0
2026-01-16 00:00:00+00:00,664.3186738967698,691.7280897397263,662.260972559478,680.790283203125,4986800.0
2026-01-20 00:00:00+00:00,667.3752277996736,700.2185806540849,663.8042007334418,684.0965576171875,3901900.0
2026-01-21 00:00:00+00:00,685.4650298028037,689.2807789085974,651.8625751412605,667.1455078125,4022700.0
2026-01-22 00:00:00+00:00,671.161010026817,678.5727830140117,644.5407527699465,660.9324340820312,2858800.0
2026-01-23 00:00:00+00:00,661.4418727852865,665.3874819861715,648.276571605561,657.0468139648438,2009600.0
2026-01-26 00:00:00+00:00,655.268765110094,686.9134444993563,655.268765110094,665.2476196289062,2662100.0
2026-01-27 00:00:00+00:00,672.6743179860592,695.6237442324019,672.6743179860592,691.9278564453125,4714700.0
2026-01-28 00:00:00+00:00,690.6293174181154,722.1940683563876,673.2586875042396,710.7968139648438,5776300.0
2026-01-29 00:00:00+00:00,716.2007521364729,721.914346724725,680.9401136319646,716.59033203125,3491000.0
2026-01-30 00:00:00+00:00,715.6963105022261,751.1767354887604,715.1619336979664,725.560302734375,3865700.0
2026-02-02 00:00:00+00:00,738.855483430971,761.5101950881786,732.1829368342659,754.12841796875,4074400.0
2026-02-03 00:00:00+00:00,774.136040616364,791.0671571819771,753.2693138700939,779.3801879882812,3856200.0
2026-02-04 00:00:00+00:00,793.1148891041667,794.613216980308,707.9599214767986,745.3881225585938,5058000.0
2026-02-05 00:00:00+00:00,716.4304658968034,757.4946858651701,713.4547827622694,736.7078857421875,3608600.0
2026-02-06 00:00:00+00:00,757.2249545917332,778.6909890241463,752.1605990193337,778.481201171875,3283900.0
2026-02-09 00:00:00+00:00,775.3447641607814,813.9516436039028,770.1505485178973,800.646484375,3105800.0
2026-02-10 00:00:00+00:00,802.9588855346542,808.467752337015,786.1226941049464,789.908447265625,2458300.0
2026-02-11 00:00:00+00:00,822.0126656936487,833.0703331876251,801.8052357542234,822.7518310546875,2821000.0
2026-02-12 00:00:00+00:00,826.0781452715357,845.0569660214259,810.6952872242501,815.6497802734375,2677700.0
2026-02-13 00:00:00+00:00,814.0914882844429,822.1824345173552,794.2236457971474,801.23583984375,2020900.0
2026-02-17 00:00:00+00:00,793.354611706597,827.6064259696965,789.7386519766814,818.2368774414062,2221600.0
2026-02-18 00:00:00+00:00,819.0859530745615,831.9715979427049,810.0959852969139,816.638671875,1808900.0
2026-02-19 00:00:00+00:00,815.7646214592446,836.4665554068305,809.6364505296697,833.6796264648438,1655600.0
2026-02-20 00:00:00+00:00,828.9249237122485,841.5608468680948,821.0836986653696,829.4144287109375,1709100.0
2026-02-23 00:00:00+00:00,822.0825741732716,832.171290976157,811.8340015861903,830.7728881835938,1438200.0
2026-02-24 00:00:00+00:00,830.0237363162876,878.9091843998041,823.9804925605649,878.7493286132812,2305300.0
2026-02-25 00:00:00+00:00,886.9701996504078,893.9324008229047,872.6361592298425,875.0335083007812,2293100.0
2026-02-26 00:00:00+00:00,876.3919910242792,878.5695536628226,829.774031131272,875.4830322265625,2796700.0
2026-02-27 00:00:00+00:00,866.7327730729617,875.3780935026082,852.3887950276126,872.6261596679688,2456200.0
2026-03-02 00:00:00+00:00,864.0357369230836,892.5638970815356,853.047999228108,880.1976928710938,2421400.0
2026-03-03 00:00:00+00:00,863.4763893720002,863.4763893720002,810.6553311641118,841.0614013671875,3558100.0
2026-03-04 00:00:00+00:00,849.65176984806,867.6417029676832,837.1557665743361,840.3322143554688,1817500.0
2026-03-05 00:00:00+00:00,829.0847806585366,843.3088972850098,790.2131209847433,814.1015014648438,3203700.0
2026-03-06 00:00:00+00:00,792.0860409649974,815.2302570837419,781.4978812535445,788.3502197265625,2678600.0
2026-03-09 00:00:00+00:00,781.6577614312688,829.5642625254461,776.1338963283173,829.1746826171875,2878000.0
2026-03-10 00:00:00+00:00,835.0281478641535,851.9692029352682,831.1724044072291,838.2645263671875,2393600.0
2026-03-11 00:00:00+00:00,835.0980969854809,851.7994297445157,831.3222813308392,846.7051391601562,1706700.0
2026-03-12 00:00:00+00:00,843.1890549225164,844.3078015834769,818.1869265472257,831.1824340820312,2142900.0
2026-03-13 00:00:00+00:00,832.0614106739251,844.3476869968976,801.8651292199354,804.1226196289062,2271100.0
2026-03-16 00:00:00+00:00,816.5887002300889,836.0669628043846,810.215807392514,826.4476928710938,2361400.0
2026-03-17 00:00:00+00:00,826.9474828011079,843.838876894396,817.1025372936392,843.6189575195312,2259300.0
2026-03-18 00:00:00+00:00,844.0937304881605,879.7605039299456,844.0937304881605,858.0315551757812,2193100.0
2026-03-19 00:00:00+00:00,841.0702689667828,877.731530173579,829.5261794366637,876.9419555664062,2509500.0
2026-03-20 00:00:00+00:00,877.3217528043792,891.5344615373053,843.8188515491076,850.6353759765625,4438100.0
2026-03-23 00:00:00+00:00,865.2429114798998,920.1598596106472,859.5608171231464,882.1892700195312,3353900.0
2026-03-24 00:00:00+00:00,863.6887119042448,913.1134710323946,859.5708207817186,908.945556640625,2777700.0
2026-03-25 00:00:00+00:00,926.5265688177349,947.8956546487799,920.4297085701506,923.21826171875,2864900.0
2026-03-26 00:00:00+00:00,914.5326880480787,916.7955088327018,870.5651645330496,872.674072265625,3000700.0
2026-03-27 00:00:00+00:00,867.1119108014396,877.9413990593634,845.5679267955834,852.7242431640625,2494700.0
2026-03-30 00:00:00+00:00,860.200487055395,862.2694372299096,806.5878662837561,816.9325561523438,2830800.0
2026-03-31 00:00:00+00:00,826.7075794136191,872.8739920525297,823.5891777163214,872.4542236328125,3469200.0
2026-04-01 00:00:00+00:00,888.0362323850375,912.153913911098,887.0367430918033,894.3230590820312,2467700.0
2026-04-02 00:00:00+00:00,868.556178840743,912.5337068833122,865.5077487567708,898.111083984375,1944100.0
2026-04-06 00:00:00+00:00,901.3694824399103,911.0345272108274,886.5470385474536,896.9017333984375,1386300.0
2026-04-07 00:00:00+00:00,893.733371157241,910.4748175232384,878.7510357819806,910.284912109375,1399100.0
2026-04-08 00:00:00+00:00,949.5148589603243,962.2283338952266,930.0747793839707,935.5919799804688,2336900.0
2026-04-09 00:00:00+00:00,943.0781049542734,978.9297806371815,940.2795471640741,967.525634765625,2061300.0
2026-04-10 00:00:00+00:00,972.6129989467728,998.9195641256935,969.514606579325,990.813720703125,2164600.0
2026-04-13 00:00:00+00:00,997.490321833715,1006.8655363521102,986.6558309752504,990.6138305664062,1636200.0
2026-04-14 00:00:00+00:00,999.4892825356013,1005.7810504880473,978.5000076023537,986.9956665039062,2028300.0
2026-04-15 00:00:00+00:00,984.5969153345445,1003.4772834336435,973.18276425833,985.41650390625,2306900.0
2026-04-16 00:00:00+00:00,982.1381746061941,988.4949118757836,969.0248799477765,977.8203735351562,1402700.0
2026-04-17 00:00:00+00:00,988.1451400369665,1008.9744632912526,976.7109797827488,1002.2379150390625,2328800.0
2026-04-20 00:00:00+00:00,1005.7161076107063,1009.3742726429216,989.67431640625,989.67431640625,1804900.0
2026-04-21 00:00:00+00:00,993.492395603129,1015.4811608981681,983.5874831688001,990.7937622070312,2111100.0
2026-04-22 00:00:00+00:00,1075.6104767185168,1141.4168203606116,1073.6714039648252,1126.9842529296875,4184700.0
2026-04-23 00:00:00+00:00,1147.3038160299416,1181.3463589986993,1132.9111453469075,1148.9429931640625,3073200.0
2026-04-24 00:00:00+00:00,1160.4270636135598,1166.4039899878524,1124.4454495265309,1148.60302734375,3633800.0
2026-04-27 00:00:00+00:00,1134.6551781769208,1139.417759153285,1084.3958264541436,1119.6578369140625,3845800.0
2026-04-28 00:00:00+00:00,1089.4433011995384,1091.2723226355647,1049.9534704935857,1088.3739013671875,4206000.0
2026-04-29 00:00:00+00:00,1091.2324223709625,1106.9343596627716,1046.9650038345403,1062.5670166015625,3721100.0
2026-04-30 00:00:00+00:00,1078.6787960780284,1093.4412722641493,1066.0652462453916,1082.9066162109375,3533200.0
2026-05-01 00:00:00+00:00,1088.2738925018016,1093.121513221667,1061.4576384587133,1062.4071044921875,1890400.0
2026-05-04 00:00:00+00:00,1071.7224155515094,1098.338820598097,1065.835408909827,1073.4014892578125,1923200.0
2026-05-05 00:00:00+00:00,1092.941547108993,1109.3830972540834,1087.4443559712706,1094.650634765625,2075600.0
2026-05-06 00:00:00+00:00,1113.4311217343113,1124.8553385429761,1068.7239831988768,1118.3885498046875,2282800.0
2026-05-07 00:00:00+00:00,1114.3507264614932,1115.260173937664,1039.888768788183,1045.0960693359375,2588300.0
2026-05-08 00:00:00+00:00,1066.7948287309187,1068.7489083122186,1033.9017251495422,1039.6187744140625,1828700.0
2026-05-11 00:00:00+00:00,1041.2480391278066,1085.6752917103693,1030.6234625100174,1072.531982421875,2510000.0
2026-05-12 00:00:00+00:00,1053.4616974467242,1076.1301679215885,1032.7573112459488,1071.4324951171875,2102800.0
2026-05-13 00:00:00+00:00,1084.0961466582528,1084.4459435287636,1046.7652438793882,1062.02734375,1588400.0
2026-05-14 00:00:00+00:00,1060.9179209517254,1090.142979634771,1048.4643227573317,1089.97314453125,1690600.0
2026-05-15 00:00:00+00:00,1065.4555461292066,1065.4555461292066,1037.9695916089877,1048.694091796875,2445800.0
2026-05-18 00:00:00+00:00,1048.4642635768478,1048.7940511191648,979.6394458156099,1011.7330322265625,3116500.0
2026-05-19 00:00:00+00:00,993.7922013648245,1024.3165827045,983.6474215459235,1011.2832641601562,2246700.0
2026-05-20 00:00:00+00:00,1023.507086161636,1041.4578754557147,1003.9870302976288,1023.996826171875,2564600.0
2026-05-21 00:00:00+00:00,1017.4801052465024,1046.345361049728,1014.199798939993,1043.286865234375,1633700.0
2026-05-22 00:00:00+00:00,1059.848439713682,1060.857933635169,1033.6717523362174,1038.20947265625,1472300.0
2026-05-26 00:00:00+00:00,1045.2460062492632,1094.4408429872885,1044.4663752709741,1069.92333984375,1877300.0
2026-05-27 00:00:00+00:00,1046.7451922069588,1052.0125203836226,1016.8104752188983,1031.363037109375,2264800.0
2026-05-28 00:00:00+00:00,1024.87634254036,1032.2185381584945,989.9541843017137,995.4913330078125,3007000.0
2026-05-29 00:00:00+00:00,995.5013620512683,1003.2574088936376,951.5238322063996,967.8255004882812,5276800.0
2026-06-01 00:00:00+00:00,959.4797424876657,970.1443375577406,938.5204805271366,950.0545654296875,2679300.0
2026-06-02 00:00:00+00:00,962.2883695444658,976.5010785813095,943.6678783857744,969.1748046875,2248200.0
2026-06-03 00:00:00+00:00,976.4910576846868,991.4934020878025,956.101512228015,958.8700561523438,2079500.0
2026-06-04 00:00:00+00:00,939.5199705712384,968.2552888200928,922.5286519545245,962.8380737304688,2180400.0
2026-06-05 00:00:00+00:00,946.8061848383165,952.5132906292295,920.9844181480167,933.1331787109375,3053500.0
2026-06-08 00:00:00+00:00,947.4258638192695,952.3033764233446,931.3840729532042,933.373046875,1842200.0
2026-06-09 00:00:00+00:00,927.5160767891549,947.3559762327556,877.5516158479272,919.6801147460938,3842700.0
2026-06-10 00:00:00+00:00,897.0516646714552,907.586260087832,855.5728581079641,866.647216796875,5302800.0
2026-06-11 00:00:00+00:00,887.6164933891578,920.0499342306352,884.2831745242812,906.326904296875,4261200.0
2026-06-12 00:00:00+00:00,907.0365275299604,943.1980425962965,907.0365275299604,940.1795654296875,2787700.0
2026-06-15 00:00:00+00:00,969.5046319503489,986.7158086088324,956.871072414699,978.5700073242188,3428200.0
2026-06-16 00:00:00+00:00,991.8499755859375,1009.2999877929688,980.72998046875,982.3499755859375,2761100.0
2026-06-17 00:00:00+00:00,997.4000244140625,1065.3800048828125,992.0,1048.8599853515625,3996000.0
2026-06-18 00:00:00+00:00,1091.030029296875,1117.9599609375,1087.280029296875,1109.72998046875,4344700.0
2026-06-22 00:00:00+00:00,1130.0400390625,1142.0,1112.4300537109375,1127.5899658203125,3916300.0
2026-06-23 00:00:00+00:00,1055.1500244140625,1073.0,1034.0,1034.97998046875,3919200.0
2026-06-24 00:00:00+00:00,1046.1600341796875,1070.9990234375,1023.0800170898438,1057.6500244140625,2948100.0
2026-06-25 00:00:00+00:00,1089.0400390625,1109.97998046875,1055.0,1085.469970703125,2750900.0
2026-06-26 00:00:00+00:00,1049.2750244140625,1084.4010009765625,1042.0,1045.1700439453125,3654200.0
2026-06-29 00:00:00+00:00,1055.6500244140625,1111.72998046875,1047.0,1102.510009765625,3180500.0
2026-06-30 00:00:00+00:00,1117.0,1178.199951171875,1103.3499755859375,1174.8599853515625,3096200.0
2026-07-01 00:00:00+00:00,1146.4000244140625,1161.68994140625,1116.5899658203125,1134.3499755859375,2359600.0
2026-07-02 00:00:00+00:00,1138.93505859375,1143.3699951171875,1087.0799560546875,1113.1099853515625,2360300.0
2026-07-06 00:00:00+00:00,1140.52001953125,1195.93994140625,1138.489990234375,1152.0400390625,2882900.0
2026-07-07 00:00:00+00:00,1096.8399658203125,1099.2559814453125,1028.0,1077.0799560546875,4223700.0
2026-07-08 00:00:00+00:00,1075.0,1109.199951171875,1050.9599609375,1070.989990234375,2804200.0
2026-07-09 00:00:00+00:00,1110.0,1115.074951171875,1065.31005859375,1075.260009765625,2327800.0
2026-07-10 00:00:00+00:00,1077.0,1102.7900390625,1053.9949951171875,1091.5699462890625,1738800.0
2026-07-13 00:00:00+00:00,1070.0,1089.2099609375,1038.8900146484375,1042.5999755859375,2258500.0
2026-07-14 00:00:00+00:00,1071.0699462890625,1082.0,1057.469970703125,1066.010009765625,1771500.0
2026-07-15 00:00:00+00:00,1070.9100341796875,1078.821044921875,1000.25,1055.280029296875,2693400.0
2026-07-16 00:00:00+00:00,1034.989990234375,1049.8900146484375,1013.3300170898438,1036.219970703125,2829500.0
2026-07-17 00:00:00+00:00,995.0,1069.1099853515625,982.0,1057.8399658203125,3285000.0
2026-07-20 00:00:00+00:00,1081.0,1104.0,1050.949951171875,1079.1800537109375,2542100.0
2026-07-21 00:00:00+00:00,1114.989990234375,1140.989990234375,1068.969970703125,1078.81005859375,3536500.0
2026-07-22 00:00:00+00:00,1021.010009765625,1038.9849853515625,985.030029296875,985.030029296875,4881800.0
2026-07-23 00:00:00+00:00,981.3099975585938,1035.300048828125,978.010009765625,1032.47998046875,2342429.0
