return_1,return_3,return_6,return_12,ema_spread_atr,ema_fast_slope_atr,atr_pct,volatility_12,volume_zscore,body_fraction,upper_wick_fraction,lower_wick_fraction,regime_spread_bps,momentum_bps,hour_sin,hour_cos,weekend,entry_run_return_bps,relative_volume,candidate_id,timestamp,strategy_version,symbol,entry_price,atr,stop_price,target_price,max_hold_bars,label_status,maturity_timestamp,exit_price,exit_reason,ambiguous_same_bar,target_hit_first,gross_return,net_return,positive_net,bars_held,mfe_return,mae_return,planted_quality,planted_target,resolution_delay_bars
0.0008600000000000829,0.0024219501228801565,0.003239163987899474,0.004069682764650029,1.0099967866957889,0.1916252855533643,0.002165778878836773,0.0006499045660354371,4.573247556884448,0.6399999999999544,0.18000000000002284,0.18000000000002284,21.97251485491103,40.69682764650029,-0.6427876096865389,-0.7660444431189783,1.0,24.219501228801565,1.2918022857217248,e2c637b8b51e3d06df88422e,2022-01-09 14:40:00+00:00,selective_long_5m_v1,BTCUSDT,30861.68151042332,66.83957798066218,30761.422143452328,31028.780455374977,48,MATURED,2022-01-09 17:40:00+00:00,30761.422143452328,stop_loss,False,False,-0.00324866831825521,-0.00614866831825521,0,36.0,,,0,0,36
0.0008600000000000829,0.0024219501228801565,0.0022149919718805755,0.004153851196300851,1.7416830582848182,0.19477313654687017,0.0020574460549128573,0.0004377960705922777,4.573941052052559,0.6400000000000141,0.17999999999999297,0.17999999999999297,36.0427856476786,41.5385119630085,0.7071067811865476,-0.7071067811865475,0.0,24.219501228801565,1.2921610960591154,8232513ae17bb4e8d57efdcd,2022-01-10 09:00:00+00:00,selective_long_5m_v1,BTCUSDT,30797.594799932096,63.36438992192502,30702.54821504921,30956.00577473691,48,MATURED,2022-01-10 12:00:00+00:00,30702.54821504921,stop_loss,False,False,-0.00308616908236925,-0.00598616908236925,0,36.0,,,0,0,36
0.0008600000000000829,0.0024219501228801565,0.002298178761582337,0.003690140486724669,1.1928088006093462,0.1967266400416497,0.0020396862160639065,0.0004931444120997722,4.56434713914593,0.6399999999999475,0.18000000000002625,0.18000000000002625,24.44296935606438,36.90140486724669,0.9396926207859084,0.3420201433256686,0.0,24.219501228801565,1.2916860273370168,48ac006503e27d78d4b8a0d0,2022-01-14 04:40:00+00:00,selective_long_5m_v1,BTCUSDT,30977.25658345587,63.183883264749845,30882.480758558744,31135.216291617744,48,MATURED,2022-01-14 05:20:00+00:00,30882.480758558744,stop_loss,False,False,-0.003059529324095922,-0.005959529324095922,0,8.0,,,0,0,8
0.0012000000000000899,0.003303621320000172,0.0026638153753753002,0.003889750494551203,1.4403154129164124,0.22410232853771628,0.0021074718149562827,0.0006008425856744808,5.046906800962345,0.8800000000000139,0.05999999999999307,0.05999999999999307,30.526195908797682,38.897504945512026,-0.25881904510252157,0.9659258262890681,0.0,33.03621320000172,2.098792582097895,8157c295920f8068e22bd88a,2022-01-14 23:00:00+00:00,selective_long_5m_v1,BTCUSDT,30835.74986540532,64.9854737343837,30738.271654803742,30998.21354974128,48,MATURED,2022-01-15 03:00:00+00:00,30819.947477699436,time_exit,False,False,-0.0005124697072346196,-0.0034124697072346194,0,48.0,,,1,0,180
0.0008600000000000829,0.0024219501228799345,0.003761197962562024,0.004017266427985389,1.217194069959996,0.2076454516404379,0.0020723818851529365,0.00041296976550135383,4.5652886364123875,0.64000000000005,0.179999999999975,0.179999999999975,25.348846377781786,40.17266427985389,-0.5735764363510458,-0.819152044288992,1.0,24.219501228799345,1.2919218444903386,2ec11a58f1f8ac003d8c78b5,2022-01-22 14:20:00+00:00,selective_long_5m_v1,BTCUSDT,30349.715208645895,62.896200017948324,30255.370908618974,30506.955708690766,48,MATURED,2022-01-22 17:20:00+00:00,30255.370908618974,stop_loss,False,False,-0.003108572827729361,-0.006008572827729361,0,36.0,,,0,0,36
0.0008600000000000829,0.0024219501228801565,0.003625598931394247,0.005026303531878273,1.3756104505670383,0.2101244679235034,0.0021898961907302087,0.0005808236979069045,4.572910879966731,0.6400000000000565,0.17999999999997174,0.17999999999997174,30.29235968583288,50.263035318782734,0.7660444431189783,-0.642787609686539,1.0,24.219501228801565,1.2916357982962707,d0a93e0b0b627ecd76714dd1,2022-01-23 08:40:00+00:00,selective_long_5m_v1,BTCUSDT,30676.599829142568,67.17856911039428,30575.831975476976,30844.546251918553,48,MATURED,2022-01-23 11:40:00+00:00,30844.546251918553,profit_target,False,True,0.0054747404768256125,0.0025747404768256127,1,36.0,,,0,1,36
0.0008600000000000829,0.0024219501228801565,0.0029428200630166046,0.003734652507773939,0.9469917700105045,0.18112058038230838,0.002155864147854098,0.0006269110964242198,4.570220573079686,0.640000000000018,0.17999999999999103,0.17999999999999103,20.5017414996278,37.346525077739386,-0.6427876096865396,0.7660444431189778,0.0,24.219501228801565,1.2917786668707614,644b0407e11d7889f238110b,2022-01-24 21:20:00+00:00,selective_long_5m_v1,BTCUSDT,30187.86828770971,65.08094294161504,30090.246873297285,30350.570645063748,48,MATURED,2022-01-24 21:30:00+00:00,30090.246873297285,stop_loss,False,False,-0.0032337962217812155,-0.006133796221781215,0,2.0,,,0,0,2
0.0008600000000000829,0.0024219501228801565,0.0038696495239143314,0.005863927442619321,1.692195395491408,0.23474205687881614,0.0021619146218060945,0.00045044880483298817,4.5749237507747935,0.640000000000007,0.1799999999999965,0.1799999999999965,36.82130196855926,58.63927442619321,-0.8191520442889916,-0.5735764363510464,0.0,24.219501228801565,1.2917259509113674,1bf64bcf9b455be2855545cb,2022-01-25 15:40:00+00:00,selective_long_5m_v1,BTCUSDT,30816.751806068947,66.62318632610983,30716.81702657978,30983.309771884222,48,MATURED,2022-01-25 19:40:00+00:00,30796.98879806305,time_exit,False,False,-0.0006413073035818062,-0.003541307303581806,0,48.0,,,0,0,180
0.0012000000000000899,0.00330362131999995,0.0036254356152969347,0.0066954637803255945,1.4762934978911093,0.22861524968785069,0.0022412752630134236,0.0008867716002260603,5.04840495390061,0.8800000000000721,0.05999999999996399,0.05999999999996399,33.29177714844755,66.95463780325595,-0.9961946980917455,0.08715574274765789,0.0,33.036213199999494,2.098481729097797,7a3b0f7ca4f73cd7e73302a1,2022-01-31 18:20:00+00:00,selective_long_5m_v1,BTCUSDT,31154.727487084387,69.82632004272659,31049.988007020296,31329.2932871912,48,MATURED,2022-01-31 18:30:00+00:00,31329.2932871912,profit_target,False,True,0.0056031881575335785,0.0027031881575335787,1,2.0,,,1,1,2
0.000860000000000305,0.0024219501228801565,0.0018956179622882097,0.003363703026908471,1.394256432333317,0.17030224826868803,0.0021028998502328985,0.000566239489408328,4.564301109930349,0.640000000000048,0.179999999999976,0.179999999999976,29.46424096707867,33.63703026908471,0.9659258262890683,-0.25881904510252063,0.0,24.219501228801565,1.2916873401146922,84df74d1be62c3b0af607839,2022-02-02 07:00:00+00:00,selective_long_5m_v1,BTCUSDT,31634.66411082082,66.52453042081315,31534.877315189602,31800.975436872854,48,MATURED,2022-02-02 10:00:00+00:00,31534.877315189602,stop_loss,False,False,-0.003154349775349341,-0.006054349775349341,0,36.0,,,0,0,36
0.0012000000000000899,0.003303621320000172,0.0037726293914071007,0.007051586055379477,3.1059924879308185,0.2995083306188813,0.0021332985177201125,0.0004553180980974116,5.047540686975893,0.8799999999999899,0.06000000000000502,0.06000000000000502,66.93886402978633,70.51586055379477,0.3420201433256687,0.9396926207859084,0.0,33.03621320000172,2.0985775386346157,a6e9cd8ca7267b5d98d3cc55,2022-02-03 01:20:00+00:00,selective_long_5m_v1,BTCUSDT,31897.960034800624,68.04787086053555,31795.888228509823,32068.079711951963,48,MATURED,2022-02-03 01:30:00+00:00,32068.079711951963,profit_target,False,True,0.00533324629430032,0.0024332462943003202,1,2.0,,,1,1,2
0.0008600000000000829,0.0024219501228799345,0.0033213508537850434,0.0037909254279400173,1.8346203826274667,0.21057979612621028,0.0021820105274384174,0.0005739678399114942,4.562363606975738,0.6399999999999668,0.1800000000000166,0.1800000000000166,40.294748347364795,37.90925427940017,0.5735764363510464,-0.8191520442889916,0.0,24.219501228799345,1.291823453025246,f5cc1885f24cf5f25e020a0d,2022-02-08 09:40:00+00:00,selective_long_5m_v1,BTCUSDT,32639.050900133487,71.21875266968962,32532.222771128952,32817.09778180771,48,MATURED,2022-02-08 12:40:00+00:00,32817.09778180771,profit_target,False,True,0.005455026318595957,0.002555026318595957,1,36.0,,,0,1,36
0.0012000000000000899,0.003303621320000172,0.003902208594278367,0.007320112680676338,1.6779178667205832,0.2803784026800312,0.002100244731406859,0.0004303311811765566,5.04878432274205,0.8800000000000064,0.05999999999999679,0.05999999999999679,35.48032745870566,73.20112680676338,0.984807753012208,-0.1736481776669303,0.0,33.03621320000172,2.0984608486117544,4ee9231768e4b26ab8a7aed2,2022-02-15 06:40:00+00:00,selective_long_5m_v1,BTCUSDT,33289.27466275437,69.9156237228057,33184.40122717016,33464.06372206138,48,MATURED,2022-02-15 10:40:00+00:00,33320.6426288824,time_exit,False,False,0.0009422844578566014,-0.0019577155421433984,0,48.0,,,1,1,180
0.0012000000000000899,0.00330362131999995,0.0036954120504255616,0.006908086897189358,1.1792310178340704,0.25803608742988127,0.0022312193059043865,0.0006527305284419495,5.048438428868337,0.8799999999998783,0.06000000000006086,0.06000000000006086,26.464663412046896,69.08086897189358,-0.4226182617406993,-0.90630778703665,0.0,33.036213199999494,2.0983072312539184,c48e0930ec9009d074acabbc,2022-02-17 13:40:00+00:00,selective_long_5m_v1,BTCUSDT,33354.445785540374,74.42108337443888,33242.814160478716,33540.49849397647,48,MATURED,2022-02-17 13:50:00+00:00,33540.49849397647,profit_target,False,True,0.0055780482647609375,0.0026780482647609377,1,2.0,,,1,1,2
0.0008600000000000829,0.0024219501228799345,0.003171765997863618,0.0047085772307835505,1.0204039408020231,0.21318319950342046,0.002199204129529642,0.0006289831602713273,4.5694412596356715,0.6399999999999292,0.18000000000003538,0.18000000000003538,22.549514246863467,47.085772307835505,0.8660254037844387,-0.4999999999999998,0.0,24.219501228799345,1.2918488291965247,1384acbe83e0ffa3185ab596,2022-02-18 08:00:00+00:00,selective_long_5m_v1,BTCUSDT,33688.6716707665,74.08826585671794,33577.53927198142,33873.892335408294,48,MATURED,2022-02-18 08:40:00+00:00,33577.53927198142,stop_loss,False,False,-0.003298806194294457,-0.006198806194294457,0,8.0,,,0,0,8
0.0008600000000000829,0.0024219501228799345,0.002578895939010284,0.0055748081145134964,2.1954577111142584,0.20771810801478632,0.002171893680147698,0.0006866064660930321,4.563998264129005,0.6399999999999425,0.18000000000002872,0.18000000000002872,48.03121339146843,55.74808114513496,0.5735764363510462,0.8191520442889918,1.0,24.219501228799345,1.2918609807214225,6b2c7cef309fc289adaf8967,2022-02-19 02:20:00+00:00,selective_long_5m_v1,BTCUSDT,33950.62000523484,73.73713702646556,33840.01429969515,34134.962847801005,48,MATURED,2022-02-19 06:20:00+00:00,33928.742614094044,time_exit,False,False,-0.0006443885601330468,-0.0035443885601330466,0,48.0,,,0,0,180
0.0008599999999998609,0.0024219501228797125,0.003729793960832284,0.006739624873989047,1.5125902104470694,0.25450308424548446,0.0021725075225419188,0.0004964972814642397,4.564060139033535,0.6399999999999936,0.1800000000000032,0.1800000000000032,33.070376275845526,67.39624873989047,-0.9063077870366497,-0.42261826174069994,0.0,24.219501228797125,1.291700940391267,173d651185ea4504ebb9b167,2022-02-23 16:20:00+00:00,selective_long_5m_v1,BTCUSDT,33790.67805665398,73.41050226987292,33680.56230324917,33974.204312328664,48,MATURED,2022-02-23 17:00:00+00:00,33680.56230324917,stop_loss,False,False,-0.003258761283812861,-0.006158761283812861,0,8.0,,,0,0,8
0.0008600000000000829,0.0024219501228801565,0.0017990361101496433,0.0033820667596962117,1.7060721076744174,0.1845331665350518,0.0021204847407686163,0.0005146775309249453,4.558185832469871,0.639999999999981,0.18000000000000949,0.18000000000000949,36.38694587745128,33.82066759696212,-0.9961946980917455,-0.08715574274765825,1.0,24.219501228801565,1.2920466037008516,6efada6e95de3c88928ddbe3,2022-02-26 17:40:00+00:00,selective_long_5m_v1,BTCUSDT,34285.715680178575,72.70233692614995,34176.66217478935,34467.47152249395,48,MATURED,2022-02-26 18:20:00+00:00,34176.66217478935,stop_loss,False,False,-0.0031807271111529145,-0.006080727111152914,0,8.0,,,0,0,8
0.0008600000000000829,0.0024219501228801565,0.0023641371176983395,0.004103752250388393,1.7674298155242067,0.19569473436255738,0.0020631340469769136,0.000403577078314316,4.563706525540897,0.6399999999999056,0.18000000000004715,0.18000000000004715,36.67964720885042,41.03752250388393,0.90630778703665,-0.42261826174069933,0.0,24.219501228801565,1.291553740697211,2916a8237a8587adca301bfc,2022-03-03 07:40:00+00:00,selective_long_5m_v1,BTCUSDT,34476.71176303363,71.13007786612413,34370.01664623444,34654.53695769894,48,MATURED,2022-03-03 07:50:00+00:00,34370.01664623444,stop_loss,False,False,-0.0030947010704653888,-0.005994701070465389,0,2.0,,,0,0,2
0.0008600000000000829,0.0024219501228801565,0.0034096723444576593,0.005317103081355912,1.3355470801249174,0.22228105150131952,0.002094828323440067,0.0004884334806694268,4.562656804013102,0.6400000000000591,0.17999999999997046,0.17999999999997046,28.128150667452445,53.17103081355911,0.9396926207859084,-0.3420201433256685,0.0,24.219501228801565,1.2917602909436812,5610da1a89db6d6228c7364e,2022-03-16 07:20:00+00:00,selective_long_5m_v1,BTCUSDT,33027.14078420598,69.18618995699727,32923.36149927048,33200.10625909847,48,MATURED,2022-03-16 11:20:00+00:00,33060.74054133639,time_exit,False,False,0.001017337751092251,-0.0018826622489077488,0,48.0,,,0,1,180
0.0008600000000000829,0.0024219501228801565,0.002458264235359886,0.003320122435682249,1.1039266006566733,0.14810931687673198,0.002116861718706973,0.0007112485094568758,4.574042272390727,0.6400000000000203,0.1799999999999898,0.1799999999999898,23.463892536674802,33.20122435682249,0.9961946980917455,0.08715574274765814,1.0,24.219501228801565,1.2918915886494602,ba93d2927c1d49fba7e444ca,2022-03-26 05:40:00+00:00,selective_long_5m_v1,BTCUSDT,31921.578936033504,67.57356845037219,31820.218583357946,32090.512857159436,48,MATURED,2022-03-26 09:40:00+00:00,31901.035880867697,time_exit,False,False,-0.000643547589139315,-0.0035435475891393148,0,48.0,,,0,0,180
0.0008600000000000829,0.0024219501228801565,0.001991600167623009,0.0032461730887138884,1.8693392442863355,0.18173302168248642,0.0021144088090444203,0.0005389317759163647,4.566258059115955,0.6400000000000101,0.17999999999999494,0.17999999999999494,39.7666970775945,32.461730887138884,-0.17364817766693003,-0.9848077530122081,0.0,24.219501228801565,1.2920451626802218,ec342d011da3e1df373ee817,2022-03-28 12:40:00+00:00,selective_long_5m_v1,BTCUSDT,32061.853101564444,67.79186463223603,31960.16530461609,32231.332763145034,48,MATURED,2022-03-28 13:20:00+00:00,31960.16530461609,stop_loss,False,False,-0.0031716132135666264,-0.006071613213566626,0,8.0,,,0,0,8
0.0008600000000000829,0.0024219501228801565,0.0019379597070330323,0.0063908751526182694,2.499609038029934,0.22963804915521288,0.00217151895164794,0.0005124828109856936,4.570788846997461,0.6400000000000586,0.17999999999997068,0.17999999999997068,54.726633241362066,63.9087515261827,-0.4999999999999997,-0.8660254037844388,0.0,24.219501228801565,1.2917729376829308,7e68ad9e7464a33f088b4cfb,2022-03-31 14:00:00+00:00,selective_long_5m_v1,BTCUSDT,33268.72362826711,72.24366385591964,33160.35813248323,33449.332787906904,48,MATURED,2022-03-31 14:40:00+00:00,33160.35813248323,stop_loss,False,False,-0.0032572784274719213,-0.006157278427471921,0,8.0,,,0,0,8
0.0012000000000000899,0.00330362131999995,0.0035866395837276244,0.0038138884648946103,0.9705773883445096,0.2356346834544401,0.0020980642095250845,0.0006182317416677068,5.046543572816413,0.8799999999998974,0.06000000000005127,0.06000000000005127,20.460635429024876,38.1388846489461,0.6427876096865393,0.766044443118978,1.0,33.036213199999494,2.098231662498695,327d1150cd6d391106121125,2022-04-02 02:40:00+00:00,selective_long_5m_v1,BTCUSDT,33341.257436887354,69.95209892889541,33236.32928849401,33516.13768420959,48,MATURED,2022-04-02 06:40:00+00:00,33372.893233516574,time_exit,False,False,0.0009488483357025235,-0.0019511516642974763,0,48.0,,,1,1,180
0.0012000000000000899,0.003303621320000172,0.0034408034901360907,0.0034295857885393577,1.6311947159010485,0.21479687913864487,0.0020927070098751975,0.0006271495058477892,5.048497232272976,0.8799999999999419,0.06000000000002905,0.06000000000002905,34.33823762319932,34.29585788539357,-0.08715574274765743,0.9961946980917455,0.0,33.03621320000172,2.0983765560646424,895c6ed0914c2e29b1f9b548,2022-04-08 23:40:00+00:00,selective_long_5m_v1,BTCUSDT,33102.52967055605,69.27389588617436,32998.618826726786,33275.71441027148,48,MATURED,2022-04-09 02:40:00+00:00,32998.618826726786,stop_loss,False,False,-0.0031390605148127193,-0.006039060514812719,0,36.0,,,1,0,36
0.0008599999999998609,0.0024219501228799345,0.0027364032344197042,0.0039105722995602665,1.6264400272111013,0.18494451864535844,0.00217989677294925,0.0007941726914019599,4.5730522393299164,0.6400000000000166,0.17999999999999172,0.17999999999999172,35.6602181963317,39.10572299560266,-0.08715574274765794,-0.9961946980917455,1.0,24.219501228799345,1.2918557835377518,8054eb38f2a1fa199fe6b4b0,2022-04-10 12:20:00+00:00,selective_long_5m_v1,BTCUSDT,32738.483428281743,71.36651437656387,32631.433656716898,32916.89971422315,48,MATURED,2022-04-10 16:20:00+00:00,32720.350839352934,time_exit,False,False,-0.0005538616035324351,-0.003453861603532435,0,48.0,,,0,0,180
0.0008600000000000829,0.0024219501228801565,0.003101486983364321,0.004802655088538943,1.005560907693046,0.19258213510959132,0.0021767010229068635,0.0005352714733189601,4.571502765758481,0.6399999999999827,0.18000000000000868,0.18000000000000868,21.98687172178193,48.026550885389426,-0.7660444431189781,0.6427876096865393,0.0,24.219501228801565,1.291826118260222,55ce9d29ff564c34c15311c2,2022-04-15 20:40:00+00:00,selective_long_5m_v1,BTCUSDT,31216.270834202922,67.94848865614719,31114.3481012187,31386.14205584329,48,MATURED,2022-04-16 00:40:00+00:00,31199.1870353589,time_exit,False,False,-0.0005472722521776552,-0.003447272252177655,0,48.0,,,0,0,180
0.0012000000000000899,0.003303621320000172,0.00279306568615878,0.003928640418180418,1.1931073145111186,0.2065168831727138,0.002158554387796812,0.0006781514169198962,5.047523217704756,0.88,0.06,0.06,25.883993410094064,39.28640418180418,0.3420201433256689,-0.9396926207859083,0.0,33.03621320000172,2.0987673986818427,04b5fc976edbb6bee83da047,2022-04-20 10:40:00+00:00,selective_long_5m_v1,BTCUSDT,31733.573085651533,68.49864342450394,31630.825120514775,31904.819694212794,48,MATURED,2022-04-20 14:40:00+00:00,31714.28205900687,time_exit,False,False,-0.0006079059106453011,-0.003507905910645301,0,48.0,,,1,0,180
0.0012000000000000899,0.00330362131999995,0.0025713088923202676,0.004201095116123321,0.9142720208467766,0.21409715373041247,0.0022649854468968686,0.000720506252935029,5.047293688473248,0.8799999999999898,0.06000000000000513,0.06000000000000513,20.80670855007627,42.01095116123321,-0.9659258262890684,0.2588190451025203,0.0,33.036213199999494,2.098559856864424,1e028057ca6c855002e0209d,2022-04-25 19:00:00+00:00,selective_long_5m_v1,BTCUSDT,31242.153583224856,70.76302319572116,31136.009048431275,31419.06114121416,48,MATURED,2022-04-25 19:10:00+00:00,31419.06114121416,profit_target,False,True,0.005662463617242208,0.0027624636172422085,1,2.0,,,1,1,2
0.0012000000000000899,0.00330362131999995,0.004253990108863848,0.004659057376184883,1.6022458552449617,0.23076318730940282,0.0020939141000184893,0.0005287643494996763,5.0485370291999025,0.8800000000000713,0.059999999999964346,0.059999999999964346,33.752591217763865,46.59057376184883,-0.34202014332566866,-0.9396926207859084,0.0,33.036213199999494,2.0980162808206866,9dd5802a150eea3cf72c0fd1,2022-04-26 13:20:00+00:00,selective_long_5m_v1,BTCUSDT,31462.814257567796,65.88043040018397,31363.99361196752,31627.515333568255,48,MATURED,2022-04-26 13:30:00+00:00,31627.515333568255,profit_target,False,True,0.005234785250046281,0.0023347852500462812,1,2.0,,,1,1,2
0.0012000000000000899,0.003303621320000172,0.004055348406589054,0.005195970469509481,1.5552295007629056,0.2527466644842938,0.0021349026389910325,0.0006205940869648508,5.049218033170555,0.8800000000000134,0.0599999999999933,0.0599999999999933,33.412735130826654,51.959704695094814,-0.6427876096865389,-0.7660444431189783,0.0,33.03621320000172,2.0985885228015557,43784fac2f0217a30694def2,2022-04-29 14:40:00+00:00,selective_long_5m_v1,BTCUSDT,31895.310482007353,68.09338251947584,31793.17040822814,32065.543938306044,48,MATURED,2022-04-29 14:50:00+00:00,32065.543938306044,profit_target,False,True,0.005337256597477635,0.0024372565974776356,1,2.0,,,1,1,2
0.0008600000000000829,0.0024219501228801565,0.0022637453267033703,0.0035556352570018657,1.851307714994891,0.18943971773521995,0.002072623449376769,0.0004929565537962962,4.569949681731387,0.6400000000000784,0.1799999999999608,0.1799999999999608,38.60211806201885,35.55635257001866,0.0871557427476582,-0.9961946980917455,0.0,24.219501228801565,1.2918281881695817,21a0bb97e376adfc34998d5b,2022-05-06 11:40:00+00:00,selective_long_5m_v1,BTCUSDT,33176.28476164393,68.76194576018437,33073.14184300366,33348.18962604439,48,MATURED,2022-05-06 14:40:00+00:00,33073.14184300366,stop_loss,False,False,-0.003108935174065075,-0.006008935174065075,0,36.0,,,0,0,36
0.0008600000000000829,0.0024219501228801565,0.0037393831047600745,0.005551612381113014,1.1258937718492035,0.2237342079981654,0.0021455416453520747,0.0006202351589528792,4.562957979174932,0.6400000000000463,0.17999999999997685,0.17999999999997685,24.279271451863593,55.516123811130136,-0.8191520442889916,-0.5735764363510464,1.0,24.219501228801565,1.2917806794512516,585504f177010373af3d03fe,2022-05-15 15:40:00+00:00,selective_long_5m_v1,BTCUSDT,32756.260833036034,70.27992176329386,32650.840950391095,32931.96063744427,48,MATURED,2022-05-15 18:40:00+00:00,32650.840950391095,stop_loss,False,False,-0.0032183124680280617,-0.0061183124680280615,0,36.0,,,0,0,36
0.0012000000000000899,0.00330362131999995,0.004306184358263243,0.0069657481233016405,1.0302015050972484,0.28881814214565316,0.002126012858498809,0.0004956216660311598,5.0479815680204565,0.8799999999999867,0.06000000000000669,0.06000000000000669,22.02483738366956,69.6574812330164,0.9961946980917455,0.08715574274765814,0.0,33.036213199999494,2.098667212168683,d30b50e7d1d7f033a818ec61,2022-05-20 05:40:00+00:00,selective_long_5m_v1,BTCUSDT,31971.524558823017,67.97187231786819,31869.566750346214,32141.454239617688,48,MATURED,2022-05-20 05:50:00+00:00,32141.454239617688,profit_target,False,True,0.005315032146246956,0.0024150321462469565,1,2.0,,,1,1,2
0.0012000000000000899,0.00330362131999995,0.005195629996761042,0.006366589720135929,1.8294120539915004,0.3079299621631094,0.0022088459826415893,0.000551168480083926,5.048409663139322,0.8799999999999485,0.06000000000002575,0.06000000000002575,40.7258157787882,63.665897201359286,-0.9063077870366499,0.4226182617406996,0.0,33.036213199999494,2.0987030754937424,c255ee29975e24bccd78ac9e,2022-05-24 19:40:00+00:00,selective_long_5m_v1,BTCUSDT,31117.726802697478,68.73426583707683,31014.625403941864,31289.56246729017,48,MATURED,2022-05-24 19:50:00+00:00,31014.625403941864,stop_loss,False,False,-0.0033132689739623356,-0.006213268973962335,0,2.0,,,1,0,2
0.0008600000000000829,0.0024219501228803786,0.001014459488933861,0.0032381670455419176,1.0429100397976319,0.1320154808463362,0.0021615025849325213,0.0007100837671694711,4.57134623304972,0.6399999999999895,0.18000000000000524,0.18000000000000524,22.62905390300274,32.381670455419176,-0.4999999999999997,-0.8660254037844388,0.0,24.219501228803786,1.2917770772369352,34039e79e75ce1649c4d07ae,2022-05-25 14:00:00+00:00,selective_long_5m_v1,BTCUSDT,30997.28844806174,67.00071910638444,30896.787369402162,31164.790245827702,48,MATURED,2022-05-25 14:40:00+00:00,30896.787369402162,stop_loss,False,False,-0.0032422538773988485,-0.006142253877398848,0,8.0,,,0,0,8
0.0012000000000000899,0.00330362131999995,0.0033801539959257276,0.004747889312940234,1.2428628167875941,0.21695828324243813,0.0021672666175700525,0.0006844726094208865,5.04766756134899,0.8800000000000724,0.05999999999996379,0.05999999999996379,27.079121939075357,47.478893129402344,0.8191520442889917,-0.5735764363510462,0.0,33.036213199999494,2.098381202678127,f3faf1b1d2c2843a6fcdd541,2022-05-26 08:20:00+00:00,selective_long_5m_v1,BTCUSDT,30979.66991499086,67.14120443009895,30878.958108345712,31147.522926066107,48,MATURED,2022-05-26 09:00:00+00:00,31147.522926066107,profit_target,False,True,0.005418166543925018,0.0025181665439250184,1,8.0,,,1,1,8
0.001200000000000312,0.003303621320000394,0.004588286652507101,0.007163769232425565,0.9582313687587886,0.2819573234048484,0.0021849142970847193,0.0005569257501538337,5.049428476181208,0.8800000000000658,0.05999999999996709,0.05999999999996709,21.051939701199895,71.63769232425565,0.258819045102521,-0.9659258262890682,0.0,33.03621320000394,2.0985243957011006,b799c39476fff347eff49296,2022-06-01 11:00:00+00:00,selective_long_5m_v1,BTCUSDT,30838.287755580204,67.37901581477983,30737.219231858035,31006.735295117152,48,MATURED,2022-06-01 15:00:00+00:00,30868.153867944955,time_exit,False,False,0.000968475052878004,-0.0019315249471219958,0,48.0,,,1,1,180
0.0012000000000000899,0.00330362131999995,0.003027337763805482,0.003362100123911249,1.4510010034558285,0.2100574546733029,0.0021595793942834948,0.0007212629497539675,5.047652741909513,0.8799999999999866,0.06000000000000672,0.06000000000000672,31.51289051402273,33.62100123911249,0.6427876096865391,-0.7660444431189782,1.0,33.036213199999494,2.099398050048424,8e86a1e7e1b442e198dddc10,2022-06-11 09:20:00+00:00,selective_long_5m_v1,BTCUSDT,31775.633388936516,68.62200310705391,31672.700384275937,31947.18839670415,48,MATURED,2022-06-11 10:00:00+00:00,31947.18839670415,profit_target,False,True,0.0053989484857086545,0.0024989484857086547,1,8.0,,,1,1,8
0.001200000000000312,0.003303621320000172,0.003421534223070566,0.0049753971541570685,0.9947582905520752,0.2295929183242713,0.002084143665662118,0.00056157287755513,5.047317971860492,0.8799999999999603,0.060000000000019885,0.060000000000019885,20.83019787042284,49.753971541570685,0.9961946980917455,-0.08715574274765801,1.0,33.03621320000172,2.0981686080641997,01fe0569ed1b0d7894888469,2022-06-18 06:20:00+00:00,selective_long_5m_v1,BTCUSDT,32242.539481337903,67.19808442489114,32141.742354700567,32410.53469240013,48,MATURED,2022-06-18 09:20:00+00:00,32410.53469240013,profit_target,False,True,0.005210359164155243,0.002310359164155243,1,36.0,,,1,1,36
0.0012000000000000899,0.003303621320000172,0.00507301201760102,0.007801797574552349,0.9420193702070253,0.2872104249878102,0.002197974479357771,0.0005293319602783875,5.049273649798116,0.8800000000000642,0.05999999999996789,0.05999999999996789,20.820746020064895,78.0179757455235,1.0,6.123233995736766e-17,0.0,33.03621320000172,2.098348658502945,12e5b4369569724aede4009e,2022-07-01 06:00:00+00:00,selective_long_5m_v1,BTCUSDT,31613.1444637953,69.48488474367248,31508.91713667979,31786.85667565448,48,MATURED,2022-07-01 06:40:00+00:00,31786.85667565448,profit_target,False,True,0.005494936198394473,0.0025949361983944735,1,8.0,,,1,1,8
0.0008600000000000829,0.0024219501228801565,0.0018823372417446915,0.004992771999501988,1.1355464189476985,0.185868444219578,0.0020704689643282616,0.000482635905275883,4.574757533148502,0.6399999999999517,0.1800000000000241,0.1800000000000241,23.61664840430766,49.927719995019885,-0.2588190451025208,-0.9659258262890683,1.0,24.219501228801565,1.2918420374824284,389ffcb28894e9e54beb83fb,2022-07-03 13:00:00+00:00,selective_long_5m_v1,BTCUSDT,31449.69698581942,65.11562154666719,31352.02355349942,31612.48603968609,48,MATURED,2022-07-03 13:40:00+00:00,31352.02355349942,stop_loss,False,False,-0.003105703446492414,-0.006005703446492414,0,8.0,,,0,0,8
0.0008600000000000829,0.0024219501228801565,0.003238882850428171,0.0043479632742682295,1.6184946788756007,0.21413230023015337,0.002048642769562242,0.00039885260011931004,4.5797128115349794,0.6399999999999649,0.18000000000001753,0.18000000000001753,33.34820811274675,43.4796327426823,-0.8660254037844386,0.5000000000000001,0.0,24.219501228801565,1.292004934781946,f4af28aeb4771fcf18bf4c78,2022-07-05 20:00:00+00:00,selective_long_5m_v1,BTCUSDT,30883.246824556267,63.26874030773327,30788.343714094666,31041.4186753256,48,MATURED,2022-07-05 23:00:00+00:00,30788.343714094666,stop_loss,False,False,-0.0030729641543434383,-0.005972964154343438,0,36.0,,,0,0,36
0.0012000000000000899,0.003303621320000172,0.0022714946210846687,0.004009402606936607,1.0504759368925947,0.19217623167687561,0.0021306415935169296,0.000655951693255572,5.0481168795634,0.88,0.06,0.06,22.482829878376354,40.09402606936607,-0.9659258262890683,-0.25881904510252063,0.0,33.03621320000172,2.0984029694198543,e8726798998349d550e945a5,2022-07-12 17:00:00+00:00,selective_long_5m_v1,BTCUSDT,32502.174054446554,69.2504839201306,32398.298328566358,32675.300264246882,48,MATURED,2022-07-12 21:00:00+00:00,32535.182443628386,time_exit,False,False,0.0010155748082123495,-0.0018844251917876503,0,48.0,,,1,1,180
0.0008600000000000829,0.0024219501228799345,0.0028170631968942317,0.004772782873955661,1.255950537179433,0.20714843547329365,0.0021349669070948396,0.0005324101534650938,4.571215792522393,0.6399999999999215,0.18000000000003927,0.18000000000003927,26.951955670537764,47.727828739556614,-0.17364817766693003,-0.9848077530122081,1.0,24.219501228799345,1.2917141571789248,beb5510c52ec45d097be38c3,2022-07-16 12:40:00+00:00,selective_long_5m_v1,BTCUSDT,33123.31656269139,70.71718471457251,33017.240785619535,33300.10952447782,48,MATURED,2022-07-16 16:40:00+00:00,33101.303279576096,time_exit,False,False,-0.0006645857178471104,-0.00356458571784711,0,48.0,,,0,0,180
0.0008600000000000829,0.0024219501228799345,0.0029413133185312024,0.003066887447493949,1.6118660247222427,0.17438100487822178,0.0020643050762719464,0.0004891989604523471,4.575599010099936,0.6399999999999257,0.18000000000003713,0.18000000000003713,33.45136690398487,30.66887447493949,-0.7071067811865477,0.7071067811865474,0.0,24.219501228799345,1.2918331141432577,8028cfcd7da395f1d13db215,2022-07-21 21:00:00+00:00,selective_long_5m_v1,BTCUSDT,35037.30626801203,72.32768918795212,34928.8147342301,35218.12549098191,48,MATURED,2022-07-22 00:00:00+00:00,34928.8147342301,stop_loss,False,False,-0.0030964576144077993,-0.005996457614407799,0,36.0,,,0,0,36
0.0008600000000000829,0.0024219501228803786,0.004373528914318747,0.00519537857701291,1.4556743580509022,0.21963930397992437,0.0022376452517314555,0.0006486583334746899,4.5617332311281285,0.6399999999999134,0.18000000000004332,0.18000000000004332,32.768139189094384,51.9537857701291,-1.0,-1.8369701987210297e-16,0.0,24.219501228803786,1.2916459740587438,d93def41f9249d11c2811e1f,2022-07-28 18:00:00+00:00,selective_long_5m_v1,BTCUSDT,35037.96668440847,78.40253978169154,34920.36287473593,35233.9730338627,48,MATURED,2022-07-28 21:00:00+00:00,34920.36287473593,stop_loss,False,False,-0.0033564678775972467,-0.0062564678775972465,0,36.0,,,0,0,36
0.0012000000000000899,0.003303621320000172,0.004795413967001005,0.006019609310180529,1.6549715204929318,0.27814075251213827,0.002239841040152219,0.0008172728980427017,5.047762423707402,0.8799999999998906,0.060000000000054704,0.060000000000054704,37.33505435925988,60.19609310180529,-0.08715574274765794,-0.9961946980917455,0.0,33.03621320000172,2.0987452453945443,c3c7d1521b6362b32f55c880,2022-07-29 12:20:00+00:00,selective_long_5m_v1,BTCUSDT,35156.440706981615,78.74483872117551,35038.32344889985,35353.30280378455,48,MATURED,2022-07-29 12:30:00+00:00,35353.30280378455,profit_target,False,True,0.005599602600380393,0.0026996026003803936,1,2.0,,,1,1,2
0.0008600000000000829,0.0024219501228801565,0.002789394175044535,0.004515681013053996,0.9861108487844421,0.20204823857203746,0.0021115938319978666,0.000533205876605625,4.569364594375542,0.640000000000064,0.179999999999968,0.179999999999968,20.915285613825052,45.15681013053996,0.766044443118978,0.6427876096865394,0.0,24.219501228801565,1.2917255439211288,da2cbbdca75c34b135e65d21,2022-08-19 03:20:00+00:00,selective_long_5m_v1,BTCUSDT,33870.47821042963,71.52069287596134,33763.19717111569,34049.279942619534,48,MATURED,2022-08-19 07:20:00+00:00,33852.9735320632,time_exit,False,False,-0.0005168122592682511,-0.003416812259268251,0,48.0,,,0,0,180
0.0012000000000000899,0.003303621320000172,0.0045411896216287495,0.007604584986663054,2.047156244332444,0.31046432895594056,0.002161829571396994,0.00047811086831768486,5.048919525741379,0.8799999999999937,0.06000000000000316,0.06000000000000316,44.618196895540585,76.04584986663055,-0.8660254037844384,-0.5000000000000004,1.0,33.03621320000172,2.0980218612696033,d02d0604e065f3d9336a3002,2022-08-20 16:00:00+00:00,selective_long_5m_v1,BTCUSDT,33772.077694718224,73.00947624795869,33662.56348034629,33954.60138533812,48,MATURED,2022-08-20 16:40:00+00:00,33954.60138533812,profit_target,False,True,0.005404573928492473,0.0025045739284924734,1,8.0,,,1,1,8
0.0012000000000000899,0.003303621320000172,0.004509092639567669,0.004776441614374294,0.9389605451413889,0.25058214445712923,0.0021829312252356053,0.0006998571545803172,5.048472887845597,0.8800000000000714,0.05999999999996432,0.05999999999996432,20.601067375658477,47.764416143742935,0.9961946980917455,0.08715574274765814,0.0,33.03621320000172,2.098950371210771,5da343672e64707347f26db2,2022-09-07 05:40:00+00:00,selective_long_5m_v1,BTCUSDT,32937.602831657045,71.90052170563285,32829.75204909859,33117.35413592112,48,MATURED,2022-09-07 06:20:00+00:00,33117.35413592112,profit_target,False,True,0.005457328063088962,0.002557328063088962,1,8.0,,,1,1,8
0.0012000000000000899,0.003303621320000172,0.004548897293888077,0.003258472532382095,2.191081710948099,0.23608505827134463,0.0022045275461484133,0.0007766709404665447,5.0477139497258685,0.8799999999999685,0.06000000000001579,0.06000000000001579,48.67746628170133,32.58472532382095,0.6427876096865393,0.766044443118978,0.0,33.03621320000172,2.0984473170461544,ac23980b65e3d6fa8e29264a,2022-09-14 02:40:00+00:00,selective_long_5m_v1,BTCUSDT,33836.44723180934,74.59337998632091,33724.557161829856,34022.93068177514,48,MATURED,2022-09-14 02:50:00+00:00,34022.93068177514,profit_target,False,True,0.00551131886537104,0.00261131886537104,1,2.0,,,1,1,2
0.0012000000000000899,0.003303621320000172,0.0030158679807765765,0.005296775652352759,1.011305126517978,0.256255145105121,0.00214245429446768,0.0007140295356612922,5.047934016871279,0.88,0.06,0.06,21.77970526563211,52.967756523527584,0.8660254037844386,0.5000000000000001,1.0,33.03621320000172,2.098659928372685,7d9b8ada7cff1e6b50b507a9,2022-09-17 04:00:00+00:00,selective_long_5m_v1,BTCUSDT,33174.1024931926,71.07399835165145,33067.49149566513,33351.78748907173,48,MATURED,2022-09-17 04:10:00+00:00,33067.49149566513,stop_loss,False,False,-0.0032136814417014214,-0.006113681441701421,0,2.0,,,1,0,2
0.0012000000000000899,0.00330362131999995,0.0030253270125171206,0.00423475444244259,1.1280235675962613,0.2443934761411703,0.0022114722420766625,0.0007466359868795253,5.046425200840198,0.880000000000056,0.059999999999972006,0.059999999999972006,25.0830615546227,42.3475444244259,-1.0,-1.8369701987210297e-16,0.0,33.036213199999494,2.0981996811378867,69c5f54bcca40d0ce10fb74e,2022-09-21 18:00:00+00:00,selective_long_5m_v1,BTCUSDT,32442.505511613683,71.7457004023528,32334.886961010154,32621.869762619564,48,MATURED,2022-09-21 18:40:00+00:00,32621.869762619564,profit_target,False,True,0.005528680605191738,0.0026286806051917383,1,8.0,,,1,1,8
0.0012000000000000899,0.00330362131999995,0.0035557780319825927,0.0051394553896082495,1.1041350809711432,0.23092178018531026,0.002049597024900885,0.0005376536750719516,5.0464105549042575,0.8799999999999041,0.06000000000004797,0.06000000000004797,22.740981096773805,51.3945538960825,0.6427876096865391,-0.7660444431189782,0.0,33.036213199999494,2.098403795006182,9862702703705704a1c13c02,2022-09-29 09:20:00+00:00,selective_long_5m_v1,BTCUSDT,33407.8265795331,68.47258196581575,33305.11770658438,33579.008034447645,48,MATURED,2022-09-29 13:20:00+00:00,33391.32532200174,time_exit,False,False,-0.0004939338837884888,-0.0033939338837884886,0,48.0,,,1,0,180
