event_index,candidate_bar,quality,target_planted,resolution_delay_bars
0,500,0,0,8
1,780,0,0,180
2,1060,1,0,2
3,1340,0,0,180
4,1620,1,1,2
5,1900,0,0,180
6,2180,0,1,180
7,2460,1,1,180
8,2740,0,0,2
9,3020,1,1,36
10,3300,0,0,2
11,3580,1,1,180
12,3860,1,1,36
13,4140,0,0,8
14,4420,1,0,8
15,4700,0,0,36
16,4980,0,0,2
17,5260,0,1,2
18,5540,1,1,36
19,5820,0,0,36
20,6100,1,1,36
21,6380,0,1,180
22,6660,0,1,36
23,6940,0,0,180
24,7220,1,0,180
25,7500,0,1,2
26,7780,0,0,8
27,8060,1,1,8
28,8340,1,1,36
29,8620,1,0,2
30,8900,1,0,8
31,9180,1,1,8
32,9460,1,1,8
33,9740,0,0,180
34,10020,1,1,8
35,10300,1,1,36
36,10580,1,1,36
37,10860,0,0,36
38,11140,0,0,36
39,11420,1,0,36
40,11700,0,0,2
41,11980,1,0,2
42,12260,1,1,8
43,12540,0,0,36
44,12820,0,0,36
45,13100,1,1,180
46,13380,1,1,180
47,13660,1,1,36
48,13940,1,0,8
49,14220,1,0,2
50,14500,1,1,8
51,14780,1,1,8
52,15060,0,1,8
53,15340,0,0,180
54,15620,1,1,8
55,15900,1,0,8
56,16180,0,0,8
57,16460,0,0,2
58,16740,0,0,36
59,17020,0,1,180
60,17300,0,0,8
61,17580,1,1,2
62,17860,0,0,36
63,18140,1,1,8
64,18420,1,1,2
65,18700,1,1,180
66,18980,1,1,180
67,19260,0,0,36
68,19540,0,0,36
69,19820,0,0,180
70,20100,0,0,180
71,20380,1,1,2
72,20660,0,0,180
73,20940,1,0,180
74,21220,0,0,36
75,21500,1,1,8
76,21780,1,1,2
77,22060,0,1,180
78,22340,1,1,36
79,22620,1,1,36
80,22900,0,0,8
81,23180,1,1,180
82,23460,0,0,2
83,23740,0,0,180
84,24020,1,1,8
85,24300,1,1,180
87,24860,1,1,8
88,25140,1,1,36
90,25700,1,1,2
94,26820,1,1,8
95,27100,1,0,36
98,27940,1,1,8
101,28780,1,1,2
102,29060,1,0,2
103,29340,1,1,180
106,30180,1,1,36
109,31020,1,1,8
111,31580,1,1,8
112,31860,1,1,2
113,32140,1,1,2
114,32420,1,1,2
116,32980,1,1,8
117,33260,1,1,180
118,33540,1,1,8
119,33820,1,1,36
121,34380,1,0,180
124,35220,1,1,2
127,36060,1,1,8
129,36620,1,1,36
131,37180,1,1,8
133,37740,1,1,36
134,38020,1,1,2
135,38300,1,1,36
136,38580,1,1,180
137,38860,1,1,180
140,39700,1,1,2
143,40540,1,1,8
144,40820,1,1,8
147,41660,0,0,36
148,41940,0,0,8
150,42500,1,1,180
151,42780,1,1,36
152,43060,0,1,36
153,43340,1,0,180
154,43620,1,1,36
155,43900,1,1,2
156,44180,1,1,8
157,44460,1,1,36
158,44740,0,0,8
159,45020,0,1,36
160,45300,0,1,2
161,45580,0,1,180
162,45860,1,1,36
163,46140,1,1,2
164,46420,1,1,8
165,46700,1,1,8
166,46980,0,0,2
167,47260,1,1,2
168,47540,1,0,8
169,47820,1,1,8
170,48100,1,1,8
171,48380,0,0,8
172,48660,0,0,8
173,48940,1,1,180
174,49220,1,1,180
175,49500,0,0,180
176,49780,1,1,36
177,50060,1,0,180
178,50340,1,1,2
179,50620,0,0,180
180,50900,0,0,180
181,51180,0,0,8
182,51460,0,0,180
183,51740,1,1,180
184,52020,1,1,180
185,52300,1,0,2
186,52580,1,1,180
187,52860,0,0,8
188,53140,0,0,36
189,53420,0,0,180
190,53700,1,1,8
191,53980,1,0,8
192,54260,1,1,2
193,54540,1,1,180
194,54820,0,0,2
195,55100,1,0,8
196,55380,0,0,36
197,55660,0,0,2
198,55940,0,0,180
199,56220,0,0,2
200,56500,1,1,180
201,56780,0,0,2
202,57060,1,1,36
203,57340,0,0,8
204,57620,1,1,36
205,57900,1,1,36
206,58180,0,0,36
207,58460,0,0,8
208,58740,0,1,36
209,59020,0,1,2
210,59300,1,1,2
211,59580,0,0,8
212,59860,0,1,8
213,60140,1,1,8
214,60420,0,0,36
215,60700,0,0,2
216,60980,1,1,180
217,61260,0,0,36
218,61540,0,0,8
219,61820,0,0,8
220,62100,0,0,2
221,62380,0,0,180
222,62660,1,1,180
223,62940,1,1,36
224,63220,0,0,36
225,63500,0,0,36
226,63780,0,0,36
227,64060,1,1,8
228,64340,1,1,8
229,64620,0,0,180
230,64900,1,1,8
231,65180,1,1,36
232,65460,0,0,8
233,65740,1,1,180
234,66020,0,0,180
235,66300,1,0,180
236,66580,0,0,8
237,66860,0,0,180
239,67420,0,0,8
241,67980,1,1,8
242,68260,1,1,180
244,68820,1,1,36
245,69100,1,1,36
246,69380,1,0,8
250,70500,1,0,8
253,71340,1,1,8
258,72740,1,0,36
260,73300,1,1,36
261,73580,1,1,2
262,73860,1,1,180
264,74420,1,1,36
266,74980,1,0,8
267,75260,1,1,2
269,75820,1,1,2
274,77220,1,1,2
277,78060,1,1,8
278,78340,1,1,36
281,79180,1,0,8
283,79740,1,1,180
286,80580,1,1,180
289,81420,1,1,2
290,81700,1,1,2
291,81980,1,0,2
293,82540,1,1,36
294,82820,1,1,180
301,84780,1,0,180
302,85060,0,1,2
303,85340,1,1,8
304,85620,0,0,8
305,85900,1,1,36
306,86180,1,1,8
308,86740,1,1,2
309,87020,1,1,180
310,87300,0,1,36
311,87580,0,0,180
312,87860,1,0,8
313,88140,1,1,36
314,88420,0,0,36
315,88700,1,1,180
316,88980,1,1,180
317,89260,1,1,180
318,89540,0,0,180
319,89820,1,1,36
320,90100,1,0,2
321,90380,0,0,8
322,90660,0,0,8
323,90940,0,0,8
324,91220,0,0,180
325,91500,1,1,36
326,91780,0,0,180
327,92060,1,1,180
328,92340,1,1,2
329,92620,1,1,8
330,92900,0,0,36
331,93180,0,0,8
332,93460,0,1,8
333,93740,1,1,8
334,94020,1,1,36
335,94300,0,0,180
336,94580,1,1,36
337,94860,1,1,36
338,95140,1,0,36
339,95420,0,0,2
340,95700,0,0,180
341,95980,1,1,180
342,96260,1,1,8
343,96540,1,0,8
344,96820,0,0,8
345,97100,1,1,180
346,97380,1,0,180
347,97660,1,1,180
348,97940,0,0,2
349,98220,1,0,8
350,98500,1,1,36
351,98780,1,1,180
352,99060,0,1,8
353,99340,1,1,180
354,99620,0,0,36
