atr_pct,bar_cos,bar_sin,body_atr,body_change_ratio,close_location,closing_bar,distance_session_high_atr,distance_session_low_atr,doji_score,ema_slope_atr,ema_spread_atr,engulfing_strength_signed,gap_bps,hammer_score,inverted_hammer_score,lower_wick_body,lower_wick_range,marubozu_score,open_location,opening_bar,overlap_fraction,overnight_gap_abs,range_atr,range_change_ratio,realized_vol_13,relative_volume,return_1,return_13,return_2,return_26,return_4,return_8,shock_volume_flag,signed_body_fraction,three_bar_body_balance,three_bar_close_progress,upper_wick_body,upper_wick_range,volume_zscore,valid,entry_time,exit_time,entry_price,exit_price,net_return,gross_return,bars_held,exit_reason,mfe,mae,gap_through_stop,gap_through_target,symbol,signal_time,session,predicted_net_return,strike,dte,delta,iv,open_interest,option_volume,spread_fraction,expected_option_return,option_probability_profit,option_downside_semivariance,option_cvar10,option_utility,entry_fill,realized_option_return,fold,spot,premium_mid,liquid,expected_exit_iv,expected_hold_sessions,option_exit_fill,realized_exit_iv,bull_regime_score,extreme_bull_regime,option_overlay_eligible,stress_scenario
0.017910189392592004,1.0,0.0,0.8997490494184265,3.4317913945666496,0.918085814221841,0.0,0.16462698912699256,1.845122452475679,0.5523078495292811,-0.17081257381552778,0.6306633374770383,0.0,-81.18669113100663,0.17759274542373615,0.017839914644933976,1.0507078653409323,0.4703936637511221,0.44769215047071886,0.4703936637511221,1.0,0.3692112733822673,0.008118669113100663,2.0097494416026715,2.708476344286143,0.006305767986635889,1.2751538043605506,0.008126970259412003,-0.022179569638202667,0.01292200694589618,0.01676842334270967,0.0033876464404312134,-0.017717404800976944,0.0,0.44769215047071886,0.8049730461748533,0.6345571164294744,0.1829698950316796,0.081914185778159,0.6628030059734068,True,2017-08-16 14:00:00+00:00,2017-08-16 16:30:00+00:00,206.13343670958176,205.46541449427488,-0.003840727103619001,-0.003240727103619001,6,momentum_decay,0.015644432601148006,-0.009505924444641378,False,False,TSLA,2017-08-16 13:30:00+00:00,161,0.0013216155754625233,,,,,,,,,,,,,,,2,,,,,,,,0,False,False,mixed_control
0.00741274684056794,1.0,0.0,0.07067320749748428,0.2279805973524949,0.4795014000453428,0.0,0.22178094765543618,0.20431231690811202,0.8341367644713287,0.26121335993946665,0.4516389871669029,0.0,-40.82204374466492,0.25210685723354853,0.572519640706666,1.8909444489757672,0.3136381645166714,0.16586323552867133,0.3136381645166714,1.0,0.18765375726816672,0.0040822043744664915,0.42609326456354824,0.47086504999299783,0.0037026983848672517,1.0719795994630772,-0.0035601868988300867,0.006347362699051118,-0.0012733573752369276,0.0132929493064331,-0.0028424766786543376,0.004733868691039866,0.0,0.16586323552867135,0.5798439680056855,-0.26564266503511014,3.138119175645158,0.5204985999546572,0.14946546832772853,True,2017-08-21 14:00:00+00:00,2017-08-21 15:30:00+00:00,131.0002088907008,131.02640893247894,-0.000400000000000022,0.00019999999999997797,4,stop,0.012086849650010167,-0.005451851722600876,False,False,AAPL,2017-08-21 13:30:00+00:00,164,0.0011772074630859595,,,,,,,,,,,,,,,2,,,,,,,,0,False,False,mixed_control
0.016191874212478523,-0.7485107481711013,-0.663122658240795,0.17422831943340222,1.9344883316851498,0.6843209216895121,0.0,0.18690973866282434,2.1486893587745945,0.7057390605337086,0.17576407045400913,-0.10065480492270505,0.0,0.0,0.21339365279354813,0.15392997933404837,1.3255581353406767,0.3900599822232207,0.2942609394662914,0.3900599822232207,0.0,0.4851007777966675,0.0,0.5920878243283143,1.3978075821852722,0.010481264722604602,1.1082856920580835,0.0028290640571266845,0.0011865524650815917,0.004297784606398292,0.024206031585999987,0.020893102906500705,0.017407915498495186,0.0,0.29426093946629134,1.0,0.8267280608326261,1.0727862110495758,0.3156790783104879,0.3516759598024298,True,2017-08-21 18:00:00+00:00,2017-08-22 13:30:00+00:00,201.00828918722343,196.61444292607365,-0.022459030186845984,-0.021859030186845985,5,stop,0.010885372711099128,-0.03501547573746988,False,False,TSLA,2017-08-21 17:30:00+00:00,164,0.0013542127891208416,,,,,,,,,,,,,,,2,,,,,,,,0,False,False,mixed_control
0.016703273315234933,-0.9709418174260521,-0.23931566428755743,0.16274796855216203,0.28552776182741907,0.4918345384733033,0.0,0.7743000978764307,0.9832725051693438,0.7365952051346875,0.3535431085404927,0.1395845640752293,0.0,0.0,0.10472626911087186,0.3654808093219927,0.8672193827164796,0.22842974360799073,0.26340479486531254,0.22842974360799073,0.0,0.43296632308322314,0.0,0.6178625891581828,0.43296632308315103,0.012531128789304726,1.3048262494587537,0.0027258337716262737,0.037458388664346476,0.012390774743444632,0.008200779542972159,0.005609214355652092,0.03842141812623301,0.0,0.26340479486531254,1.0,0.7496814487968495,1.9292187212681395,0.5081654615266967,0.8794518350585021,True,2017-08-23 17:30:00+00:00,2017-08-24 14:00:00+00:00,251.97209544471667,248.03899175594185,-0.016209282773289323,-0.015609282773289324,7,momentum_decay,0.013414466273689474,-0.022312006414460073,False,False,NVDA,2017-08-23 17:00:00+00:00,166,0.0012343662453547359,,,,,,,,,,,,,,,2,,,,,,,,2,False,False,mixed_control
0.01814860184325127,-0.9709418174260521,-0.23931566428755743,0.3489712446775153,3.501354478441142,0.6585071338238676,0.0,0.3295903847703208,2.2434677314136646,0.6384263738730637,0.40290372178041084,-0.10309283705015507,0.0,0.0,0.11508335470493831,0.14130933617441357,0.821225571337709,0.29693350769693133,0.36157362612693633,0.29693350769693133,0.0,0.47791150245789776,0.0,0.9651457392387441,2.0663990921707804,0.0066940650921211075,1.1049338483774969,0.006373707029183828,0.005127593143819054,0.008209005015064275,0.017538968306269442,0.028607501152329684,0.019453884228029183,0.0,0.36157362612693633,1.0,1.1511538996756718,0.9444628742253073,0.3414928661761324,0.2025048939346842,True,2017-08-28 17:30:00+00:00,2017-08-28 18:00:00+00:00,245.71547854873742,239.6952988264157,-0.025100612488389195,-0.024500612488389195,2,stop,0.011371675986677987,-0.02906232895094063,False,False,NVDA,2017-08-28 17:00:00+00:00,169,0.0007021862447958334,,,,,,,,,,,,,,,2,,,,,,,,0,False,False,mixed_control
0.021523842115931287,1.0,0.0,0.0436680306576425,0.10412698960284496,0.7047494852211237,0.0,0.10040083547660293,0.23965220575787796,0.8715846489738301,-0.07469612089345201,0.011450032251243674,0.0,61.48500713111016,0.6142488326909405,0.2829993987903764,4.488047025425862,0.5763341341949538,0.12841535102616997,0.5763341341949538,1.0,0.05606922490240217,0.006148500713111016,0.34005304123448094,0.3131983901866325,0.009335382638103821,1.203427188732627,0.007095073196740076,0.014903831607109286,0.0163341178846923,0.01808047981093419,0.006095457687161243,-0.0001337210630782959,0.0,0.1284153510261699,-0.2685718711630805,-0.05420224695883904,2.299183955952461,0.2952505147788763,0.4424459750820744,True,2017-08-29 14:00:00+00:00,2017-08-29 16:00:00+00:00,208.99982965471966,212.56495106884137,0.016458011099872594,0.017058011099872594,5,momentum_decay,0.03436915077422076,-0.02087511515045881,False,False,TSLA,2017-08-29 13:30:00+00:00,170,0.0013448289668264938,,,,,,,,,,,,,,,2,,,,,,,,0,False,False,mixed_control
0.00910601643052262,-0.7485107481711012,0.6631226582407952,0.37857985221141166,4.448841804049704,0.5137990808704188,0.0,0.7853544016394186,1.0824934671544293,0.6340776617338566,-0.03570885808702216,0.3638718421801962,0.0,0.0,0.04388594705093811,0.23930428251461136,0.4041205664150268,0.1478767426042755,0.3659223382661434,0.1478767426042755,0.0,0.3408562862935888,0.0,1.0345907112565023,2.309212367564397,0.004818559165868915,1.1296278561428488,0.003459279717499486,-0.005104357071916921,0.004240145326845246,-0.0004840460067819796,-0.002739858433865705,0.002941545456779604,0.0,0.36592233826614334,0.8903367874220598,0.43127059009102603,1.3286997493307788,0.48620091912958113,0.27046580183789615,True,2017-08-29 16:30:00+00:00,2017-08-30 13:30:00+00:00,171.15831263633217,169.98716930515678,-0.007442456630568483,-0.006842456630568483,8,momentum_decay,0.00939954066017723,-0.009146528743355087,False,False,MSFT,2017-08-29 16:00:00+00:00,170,0.0007447909214485624,,,,,,,,,,,,,,,2,,,,,,,,0,False,False,mixed_control
0.0206660344774017,0.120536680255323,0.992708874098054,0.2049899092049184,0.19447818760578847,0.7715387120923833,0.0,0.15465182962147553,2.1727942032338357,0.6825153229368752,0.46688302797719294,-0.0247803596664108,0.0,0.0,0.2510346339514827,0.08937800632240457,1.4301604701966135,0.45405403502925856,0.31748467706312467,0.45405403502925856,0.0,0.2774150983305469,0.0,0.6456686700635973,0.2774150983305232,0.008879303651230247,1.8728382003446729,0.004254351361201225,0.02009292641583693,0.02671447492432577,0.011282875417023774,0.03896281273018354,0.04302172533992965,0.0,0.3174846770631247,1.0,1.4119159846312996,0.7195978401879559,0.2284612879076167,1.6766258228088247,True,2017-08-31 15:30:00+00:00,2017-08-31 19:30:00+00:00,243.52441572756743,248.4806422955989,0.019752072514880915,0.020352072514880915,9,ambiguous_stop_first,0.059314711698874145,-0.008319139134367215,False,False,NVDA,2017-08-31 15:00:00+00:00,172,0.0006132182079564044,,,,,,,,,,,,,,,2,,,,,,,,1,False,False,mixed_control
0.022082553014512753,-0.3546048870425359,-0.9350162426854147,0.517012757198451,1.3987675746069004,0.5701931126726543,0.0,0.5479274805747809,2.3628765361600843,0.5944433309917423,0.42033141908907545,0.274831526531789,0.0,0.0,0.045865443832862486,0.17542300742971723,0.40595176024827634,0.16463644366439656,0.4055566690082577,0.16463644366439656,0.0,0.4289651172131837,0.0,1.2748224766288427,1.3015599588532138,0.012546133320301031,1.0854705396638298,0.011548813986049566,0.053439732980214094,0.019970116683325045,0.04103317781200744,0.0247552915379603,0.029137081546439347,0.0,0.40555666900825776,0.7617300333315425,0.7954987115622342,1.0597948947016822,0.42980688732734573,0.18963000803972552,True,2017-09-01 18:30:00+00:00,2017-09-04 13:30:00+00:00,216.0815176336368,226.34052550612927,0.046877488981202406,0.04747748898120241,4,target,0.06221109580161266,-0.017534973591391223,False,False,TSLA,2017-09-01 18:00:00+00:00,173,0.0010328895275257108,,,,,,,,,,,,,,,2,,,,,,,,2,False,False,mixed_control
0.014439053780318553,1.0,0.0,1.1223299525730726,3.175841038286387,0.9406736777147219,0.0,0.14289609148803833,2.265749615571037,0.5340410798965438,0.398802796272835,0.6688118839736102,0.0,-113.81865123636037,0.17059940227659084,0.011905521044389295,1.01879100738258,0.4747147576112656,0.4659589201034563,0.4747147576112656,1.0,0.36539584016188026,0.011381865123636037,2.408645707059075,2.7367580308427333,0.007405492083071283,1.8241960730541664,0.004902971956996849,0.024259965589140897,0.010082395945055556,0.021204820412610514,0.008927706431171467,0.028970209720246443,0.0,0.46595892010345624,1.0,0.8368682427063442,0.12732092836013362,0.05932632228527815,1.8405229947210189,True,2017-09-04 14:00:00+00:00,2017-09-04 17:00:00+00:00,176.24112362819565,174.1665128571461,-0.01237143409177428,-0.01177143409177428,7,momentum_decay,0.008362386018394785,-0.01613959930599229,False,False,MSFT,2017-09-04 13:30:00+00:00,174,0.0005495185256491132,,,,,,,,,,,,,,,2,,,,,,,,1,False,False,mixed_control
0.011414023801826325,1.0,0.0,0.2284155031278508,0.5194700833945084,0.7401871575277701,0.0,0.1763021009602862,0.50227136478027,0.6633886901566786,-0.20901976733728536,0.43455456480844235,0.0,-72.18193126084071,0.19623877218940172,0.10179675659491487,1.1989372783445824,0.40357584768444876,0.3366113098433213,0.40357584768444876,1.0,0.5748134597604525,0.0072181931260840715,0.6785734657405562,0.6164059848463302,0.004577310145909225,1.353834240938635,-0.004623106221782747,-0.015426495003706409,0.00037440683151879206,0.008459224347483474,-0.0041864771831475744,-0.02067441994828323,0.0,0.3366113098433214,0.15776120961335277,-0.44949415344367166,0.7718482263492207,0.25981284247222985,0.9181390906457776,True,2017-09-05 14:00:00+00:00,2017-09-05 16:30:00+00:00,173.5223408150977,173.18436792791627,-0.0025477197321903226,-0.0019477197321903228,6,momentum_decay,0.011135823655104682,-0.009054866562760222,False,False,MSFT,2017-09-05 13:30:00+00:00,175,0.001785405830901918,,,,,,,,,,,,,,,2,,,,,,,,0,False,False,mixed_control
0.014792448976890558,-0.7485107481711013,-0.663122658240795,0.261384130712291,0.4053347708446813,0.7108283623628789,0.0,0.5833192571110986,1.641229546782694,0.6358637615775673,-0.2848617652454243,0.9383397434141137,0.0,0.0,0.14344573568162916,0.10996450079456642,0.952094538686476,0.3466921239404463,0.3641362384224327,0.3466921239404463,0.0,0.34354142165464,0.0,0.7178196046751615,0.48491269869604847,0.007601433539334626,1.0810897029160447,0.003881519355834806,-0.01434344759336681,0.013587719352697869,-0.002840143089160807,-0.0038790193724319577,0.002347051132908451,0.0,0.3641362384224327,0.012895706372140534,0.02299184344618314,0.794130347722064,0.289171637637121,0.2505252362003834,True,2017-09-05 18:00:00+00:00,2017-09-06 13:30:00+00:00,146.6027635550889,151.26528343957247,0.0312037653003147,0.0318037653003147,5,target,0.042775765109702046,-0.0026512765270420013,False,False,AAPL,2017-09-05 17:30:00+00:00,175,0.001943460642206656,,,,,,,,,,,,,,,2,,,,,,,,0,False,False,mixed_control
0.018088274360237314,0.5680647467311559,0.8229838658936564,0.012668423106373146,0.016588220079545062,0.5180954605089846,0.0,0.1997591550708741,1.5894569894728856,0.9572294034971183,-0.00834847655616919,1.2661814314521316,0.0,0.0,0.4959362086175802,0.5022344674572076,11.11335597029838,0.47532486400610285,0.04277059650288184,0.47532486400610285,0.0,0.1655443809904959,0.0,0.29619467910669833,0.16554438099047722,0.008621208764590943,1.3123844740354216,0.00022920243457758005,0.011186126698746524,0.014243183793906766,0.03656284210594296,-0.015667699015955328,0.008949220067585362,0.0,0.042770596502881786,1.0,-0.27033648718313513,11.267192391176081,0.48190453949101536,0.5015807088306299,True,2017-09-08 15:00:00+00:00,2017-09-11 13:30:00+00:00,273.71001997978124,284.35454514334293,0.03828978987451019,0.038889789874510194,11,target,0.04520960052049228,-0.007920863111626208,False,False,NVDA,2017-09-08 14:30:00+00:00,178,0.001756532474780181,,,,,,,,,,,,,,,2,,,,,,,,0,False,False,mixed_control
0.015242764231998026,-0.3546048870425359,-0.9350162426854147,0.306844865391999,1.782748095568304,0.7774351825969201,0.0,0.21555823868997576,1.727954947876408,0.6831813441597825,0.1590580994273582,0.15209124651579642,0.0,0.0,0.2573995026925441,0.08628953828268592,1.4538806925201861,0.46061652675670256,0.3168186558402175,0.46061652675670256,0.0,0.5970780656858421,0.0,0.9685189294747572,1.3863281078054117,0.004826141203970175,1.177805396407686,0.004699142599278838,-0.0054658714648185835,0.00735442637679018,0.0209899680964043,0.0151716103852646,0.009087002678541456,0.0,0.3168186558402175,0.33967317377629463,0.24067963694477995,0.7024990899372023,0.2225648174030799,0.4772645697452038,True,2017-09-11 18:30:00+00:00,2017-09-12 13:30:00+00:00,238.6974779239709,238.7452174195557,-0.000400000000000022,0.00019999999999997797,4,stop,0.020716995425119622,-0.006594840904280974,False,False,TSLA,2017-09-11 18:00:00+00:00,179,0.0007509002566020495,,,,,,,,,,,,,,,2,,,,,,,,0,False,False,mixed_control
0.020751945573306545,0.8854560256532099,0.4647231720437685,0.30430858927049664,0.3342042239573877,0.5758591636357387,0.0,0.5578151445172483,1.4847588589169805,0.6387211993694357,0.3090197560616314,0.7433618500423204,0.0,0.0,0.07282053333607404,0.19631769273268668,0.5939467320820816,0.21458036300517455,0.3612788006305643,0.21458036300517455,0.0,0.4123765225727202,0.0,0.8423095646336468,0.41237652257268675,0.008519917066903101,1.1382745084279229,0.006355127884639211,0.05345863486036162,0.007330355614403317,0.010367635669242814,-0.0004588274597414621,0.029307151765236572,0.0,0.3612788006305642,0.7909563063682519,0.2151397313479856,1.173998683630892,0.4241408363642612,0.4591901342423887,True,2017-09-13 14:30:00+00:00,2017-09-13 17:30:00+00:00,290.377405157885,290.6160003079634,0.00022167257451959413,0.0008216725745195941,7,momentum_decay,0.009513102537608287,-0.010093890811566864,False,False,NVDA,2017-09-13 14:00:00+00:00,181,0.0009208620943628922,,,,,,,,,,,,,,,2,,,,,,,,2,False,False,mixed_control
0.008877499807142128,-0.3546048870425359,-0.9350162426854147,0.3898652035148367,1.3363509472384987,0.8505797701460517,0.0,0.49203080497192214,1.3119853589921153,0.6471941955750753,0.048262240387910944,1.129465820450735,0.0,0.0,0.25889571672080297,0.04588664012016241,1.4109007263402196,0.49777396572112687,0.3528058044249248,0.49777396572112687,0.0,0.5334998911783129,0.0,1.105041920016931,1.2166881507843388,0.004949846683011652,1.13923372149159,0.003473048588358285,-0.0008454107667933419,0.006087774707214333,0.02647396919749112,0.004701024098892059,0.0012204140148446285,0.0,0.35280580442492476,0.8487083031728871,0.6321900450832764,0.4235197606717877,0.14942022985394837,0.3111624885095844,True,2017-09-15 18:30:00+00:00,2017-09-15 19:30:00+00:00,150.58724278473457,150.61736023329152,-0.000400000000000022,0.00019999999999997797,3,stop,0.013831557845469522,-0.006662315334838076,False,False,AAPL,2017-09-15 18:00:00+00:00,183,0.0008771287853450742,,,,,,,,,,,,,,,2,,,,,,,,0,False,False,mixed_control
0.012375164943295746,1.0,0.0,0.16796579346413634,0.43922961148057615,0.8080495878797925,0.0,0.10939880990108626,0.4605338549612122,0.7052883545379548,0.49849524316253757,0.5311235532039219,0.0,-126.94722230812249,0.3308944932268764,0.07451860185179406,1.7418312113568097,0.5133379424177473,0.2947116454620452,0.5133379424177473,1.0,0.05342637151342065,0.01269472223081225,0.5699326648622984,0.5699328772780273,0.005649992332280557,1.2289394867355143,-0.0106382305045859,0.017901241591909756,-0.005984206271914871,0.0013867105154623527,0.005089008426801156,0.01848523659921475,0.0,0.2947116454620452,1.0,0.1982306155935149,0.6513160069350461,0.19195041212020744,0.5048479307167266,True,2017-09-19 14:00:00+00:00,2017-09-19 15:00:00+00:00,151.09821615685726,148.5738979376258,-0.01730647267344927,-0.01670647267344927,3,stop,0.010258907391544447,-0.031115430745620398,False,False,AAPL,2017-09-19 13:30:00+00:00,185,0.0008323531072950505,,,,,,,,,,,,,,,2,,,,,,,,0,False,False,mixed_control
0.021461395578525933,1.0,0.0,0.627880577445628,1.9274319279609058,0.6500078238767547,0.0,0.525619711194307,0.9761844634487763,0.5819158129621997,0.4354634449372985,0.10655753280396635,0.0,339.9940734674933,0.06994211470642102,0.1247205159256026,0.5547295114940881,0.23192363683895456,0.41808418703780026,0.23192363683895456,1.0,0.0,0.03399940734674933,1.5018041746430832,1.6862595346330531,0.016522203061918816,1.842478413485072,0.048123068452117446,0.026245988447957336,0.055860104491717966,0.06423368908242333,0.05390611564906411,0.0667768755470548,0.0,0.4180841870378002,0.9233697225098405,2.9068529770367397,0.8371332544358866,0.34999217612324524,1.8627859677325165,True,2017-09-20 14:00:00+00:00,2017-09-20 16:00:00+00:00,236.91189784727288,234.30780905379817,-0.011591802510287862,-0.010991802510287862,5,momentum_decay,0.021660108725681138,-0.015635369309392022,False,False,TSLA,2017-09-20 13:30:00+00:00,186,0.0010521740456059777,,,,,,,,,,,,,,,2,,,,,,,,3,False,False,mixed_control
0.013280653965721938,-0.9709418174260521,-0.23931566428755743,0.5012879097020199,2.420529661076238,0.7714953290959752,0.0,0.33442778176466353,1.39963146736699,0.58847129510194,0.334246069069111,0.9415948140783691,0.0,0.0,0.13237300607663796,0.06971104593416966,0.8747059923480532,0.3599666241979152,0.41152870489806004,0.3599666241979152,0.0,0.48778047007011355,0.0,1.2181116498937643,1.9319261452614915,0.00838964498452755,1.276074650543217,0.006702049701179158,0.0362119902570901,0.009497181855424808,0.0399677144419337,0.00018478852412084912,0.02956907955769794,0.0,0.41152870489806,0.10188553499092588,0.13164412731659061,0.5552581586268852,0.22850467090402482,0.6707010883550614,True,2017-09-20 17:30:00+00:00,2017-09-21 13:30:00+00:00,155.18092137608062,155.13248978124432,-0.0009120976110132511,-0.0003120976110132512,6,gap_through_stop,0.02018079907040926,-0.006984751045936322,True,False,AAPL,2017-09-20 17:00:00+00:00,186,0.0007077457580899973,,,,,,,,,,,,,,,2,,,,,,,,2,False,False,mixed_control
0.02160668326576872,1.0,0.0,1.0867575273297887,231.75031178584175,0.8198441526659556,0.0,0.43358878201524265,1.9731539822719664,0.5484529782510232,0.469462992641725,0.9203220950864615,0.0,13.402358110938817,0.12224885536706567,0.04607617024755521,0.8156340606353455,0.3682971309169788,0.45154702174897676,0.3682971309169788,1.0,0.105998659616123,0.0013402358110938817,2.406742764287209,9.434081559340315,0.010646320426758695,1.2095249766185767,0.025418314674057862,0.03061531346468116,0.025524863262244457,0.05766483107616316,0.03995142118117756,0.04206953600645136,0.0,0.4515470217489767,1.0,1.4433054300065375,0.3989747216939125,0.1801558473340445,0.6112122315013201,True,2017-09-21 14:00:00+00:00,2017-09-21 15:00:00+00:00,244.16502986337966,237.0429746358524,-0.029769022408787715,-0.029169022408787715,3,stop,0.006372044026780932,-0.041660987224797164,False,False,TSLA,2017-09-21 13:30:00+00:00,187,0.002562480270911806,,,,,,,,,,,,,,,2,,,,,,,,2,False,False,mixed_control
0.013304272716409032,1.0,0.0,0.3587895768733955,0.6208333645300514,0.5725921910838843,0.0,0.39917977807210203,0.5347754977671519,0.6158385886829683,-0.13015197432836403,0.45947702077099617,0.0,109.33649453874538,0.05765396389161424,0.18535313063351813,0.49049897833465544,0.1884307797668525,0.38416141131703174,0.1884307797668525,1.0,0.0,0.010933649453874539,0.933955275839254,0.6833274803704958,0.007159835286441133,1.8617271645469504,0.015782420179464074,0.01253289177665673,0.023778230646266607,0.01182380825212892,0.01076720902032835,-0.005991265662135481,0.0,0.3841614113170318,0.1844500982562098,1.181858082068034,1.1125735077093144,0.42740780891611574,2.491487098272204,True,2017-09-25 14:00:00+00:00,2017-09-25 15:30:00+00:00,158.4933943316465,155.64673122003077,-0.018560768167152086,-0.017960768167152086,4,stop,0.004764858624918489,-0.03062000193235559,False,False,AAPL,2017-09-25 13:30:00+00:00,189,0.0016784531109839042,,,,,,,,,,,,,,,2,,,,,,,,0,False,False,mixed_control
0.024841958390192775,0.8854560256532099,0.4647231720437685,0.5067403007677878,0.6230922821659283,0.932995430206333,0.0,0.08074461920634866,2.035048520417099,0.5794900491971191,-0.20634629507565072,1.0794124153850635,0.0,0.0,0.21963903764525747,0.01500515305410454,1.218723786261962,0.5124854794034521,0.4205099508028809,0.5124854794034521,0.0,0.42453250852855245,0.0,1.2050613779775412,0.6661644747107575,0.010391532942435342,1.115417061181175,0.01274891012013546,-0.0008349590757021907,0.01039328770467729,0.10241913549963444,-0.015663316089520762,-0.026049391231487418,0.0,0.4205099508028809,0.24498642551151012,-0.40018294191139553,0.1593412228788343,0.06700456979366698,0.26559868744792586,True,2017-09-26 14:30:00+00:00,2017-09-26 17:30:00+00:00,304.3985310350725,306.12616876796835,0.005075578416956206,0.005675578416956206,7,momentum_decay,0.0222470313149834,-0.008754788966135019,False,False,NVDA,2017-09-26 14:00:00+00:00,190,0.0008762137107986819,,,,,,,,,,,,,,,2,,,,,,,,1,False,False,mixed_control
0.023935693346275728,-0.7485107481711013,-0.663122658240795,0.14206969818081797,0.576985030315112,0.9156581359703,0.0,0.40889538786915747,1.098508005985113,0.7217639534256839,0.2664252647216222,0.2543696835894072,0.0,0.0,0.5046857102118906,0.026442656114044987,2.290940003077303,0.6374220893959839,0.2782360465743161,0.6374220893959839,0.0,0.712050294887978,0.0,0.5106085280106635,0.7120502948878001,0.019660107919050606,1.325872856596169,0.003412139836293404,0.05663719896443342,0.009381359427015568,0.005210711272339186,0.012483878864360864,-0.0007630813658784374,0.0,0.2782360465743161,-0.1421819013166554,-0.12267154505951687,0.3031306154181795,0.08434186402970001,0.9596022047202913,True,2017-09-26 18:00:00+00:00,2017-09-27 13:30:00+00:00,233.2848680291578,225.74669069347016,-0.03291318601747224,-0.03231318601747224,5,stop,0.010265722526754395,-0.045528951581252586,False,False,TSLA,2017-09-26 17:30:00+00:00,190,0.0017155697590192976,,,,,,,,,,,,,,,2,,,,,,,,1,False,False,mixed_control
0.021440303494133624,1.0,0.0,0.11391706759253335,1.391592392635548,0.705871605146791,0.0,0.13403475552047978,0.32166676077607725,0.7500182388719561,-0.19500208504766955,0.6296523709730554,0.0,-324.4686313816147,0.3218310009894651,0.16005381549551792,1.823692424442947,0.45588984401874705,0.24998176112804393,0.45588984401874705,1.0,0.0,0.032446863138161475,0.45570151629655703,1.1423844443923676,0.011030842833460786,1.2833353356169794,-0.03007790941813482,-0.009357678187754903,-0.02842396342193898,-0.02220444975842839,-0.01737885177866405,-0.037969796689241386,0.0,0.24998176112804396,0.4087399610903021,-1.4550194633788365,1.17659941879579,0.29412839485320896,0.7465941650022399,True,2017-09-27 14:00:00+00:00,2017-09-27 19:30:00+00:00,297.75402819742374,297.81357900306324,-0.000400000000000022,0.00019999999999997797,12,stop,0.03953521735243948,-0.01562340395911066,False,False,NVDA,2017-09-27 13:30:00+00:00,191,0.00245988990004488,,,,,,,,,,,,,,,2,,,,,,,,0,False,False,mixed_control
0.016896893471213405,1.0,0.0,0.01966728643719379,0.060774373870821075,0.2868813112419925,0.0,0.24858400470372707,0.10000313601007148,0.9435800001201384,0.6783925220277022,0.18044402502666998,0.0,476.91011356598256,0.2706954676961848,0.7261213159173716,4.084744981364196,0.230461311362131,0.05641999987986157,0.230461311362131,1.0,0.0,0.047691011356598256,0.34858714071379854,0.4307042472036396,0.013788004209140328,2.95822466361472,0.0480392916277359,0.06285938295506988,0.05407991724005434,0.04720183099860931,0.054772752953265114,0.06239526450294397,1.0,0.056419999879861536,1.0,4.296866596951908,12.63946632866349,0.7131186887580074,3.996153048225897,True,2017-10-05 14:00:00+00:00,2017-10-05 15:00:00+00:00,161.3517588277654,157.67119512935275,-0.023410806186138066,-0.022810806186138066,3,stop,0.013704640389661238,-0.027616950392015394,False,False,AAPL,2017-10-05 13:30:00+00:00,197,0.0006791272283075656,,,,,,,,,,,,,,,2,,,,,,,,3,False,False,mixed_control
0.02517776819100081,-0.7485107481711013,-0.663122658240795,0.11644073257150372,0.31413985257053123,0.5008083983773873,0.0,1.5127781620835232,1.1579267000620646,0.7402840669992723,0.18002023947226592,1.3563192934912902,0.0,0.0,0.11471858863669672,0.35994379303768365,0.9282929337094262,0.24109246537665951,0.2597159330007278,0.24109246537665951,0.0,0.4703510929685388,0.0,0.44833881089296684,0.4703510929684594,0.014611021779534012,1.1812741963561542,0.0029403380138885993,0.03725649500900774,0.01241652118121972,0.10634232818079425,0.016871539690324067,-0.003913173127366165,0.0,0.25971593300072776,1.0,0.9129047820525403,1.9220676831579835,0.4991916016226127,0.5658613557793831,True,2017-10-10 18:00:00+00:00,2017-10-11 13:30:00+00:00,246.8278600904471,235.97535782574352,-0.044567898359313365,-0.04396789835931336,5,gap_through_stop,0.0057009588285446,-0.04396789835931336,True,False,TSLA,2017-10-10 17:30:00+00:00,200,0.0012723696307249469,,,,,,,,,,,,,,,3,,,,,,,,2,False,False,mixed_control
0.01914775818145127,0.5680647467311559,0.8229838658936564,0.361916545983672,0.9971385383649463,0.7081478510989362,0.0,0.2850617230834105,1.0952530317453648,0.6294622774125356,0.12291853229628785,0.25070255929432717,0.0,0.0,0.13538028839839478,0.10946936642422772,0.911135649438754,0.3376101285114719,0.3705377225874644,0.3376101285114719,0.0,0.41543738003360625,0.0,0.9767333362347275,0.9997109281776888,0.010166202006528948,1.229365173922839,0.006978249005884285,0.014037235706275686,0.014075024185201235,0.05656549873264605,-0.0050630418795140075,0.0082334083302118,0.0,0.37053772258746437,0.4649806872414442,-0.43466997699066234,0.78764490390587,0.29185214890106376,0.3224160333696077,True,2017-10-11 15:00:00+00:00,2017-10-11 17:00:00+00:00,262.46306076568237,266.3650444408461,0.014266791783119782,0.014866791783119782,5,stop,0.03774282312551169,-0.0076419972319135,False,False,NVDA,2017-10-11 14:30:00+00:00,201,0.003945708383362534,,,,,,,,,,,,,,,3,,,,,,,,1,False,False,mixed_control
0.02473791077212756,1.0,0.0,0.9257921973667155,5.753356464660883,0.7153642401960396,0.0,0.5852019497842992,1.470765825267403,0.5497049085103319,0.24749914479858975,-0.021734175198125618,0.0,156.33699810497114,0.07716094846807267,0.08512303256694866,0.5886565359382915,0.26506914870637155,0.45029509148966806,0.26506914870637155,1.0,0.07596174101577449,0.015633699810497115,2.0559677750517023,3.8618910490065947,0.014238990401959495,1.9566599584638704,0.03943910547452423,0.05030191397704997,0.04375781549456925,-0.016956611677904077,0.060594379791461206,0.03166955633236457,0.0,0.45029509148966806,1.0,2.555279279836605,0.6321093993325048,0.2846357598039604,2.61573869791791,True,2017-10-12 14:00:00+00:00,2017-10-12 18:30:00+00:00,243.59572817303325,256.5517343572675,0.052586508160074194,0.0531865081600742,10,target,0.05675449779771946,-0.01598627937596453,False,False,TSLA,2017-10-12 13:30:00+00:00,202,0.0029536117896809652,,,,,,,,,,,,,,,3,,,,,,,,3,False,False,mixed_control
0.013120451762366312,0.120536680255323,0.992708874098054,0.3430179461093565,0.4543951636386085,0.7836335352909257,0.0,0.1959415926755539,2.577707305110358,0.621226002514224,0.31874461133214566,-0.13963129897755808,0.0,0.0,0.17344652438309455,0.07039756548042453,1.0688683502351457,0.4048595378051497,0.3787739974857761,0.4048595378051497,0.0,0.36857383932731985,0.0,0.9056005649443708,0.5252428643355794,0.004918760967675721,1.5357223237661086,0.004520896940156449,0.003331014371083185,0.014615574020988786,0.009359294764334614,0.018306422834651892,0.021360777379012097,0.0,0.37877399748577606,1.0,1.5933659938934357,0.5712284004313196,0.21636646470907422,1.0077309937289611,True,2017-10-13 15:30:00+00:00,2017-10-16 13:30:00+00:00,161.49025806734537,168.4858587461945,0.042719025943545194,0.0433190259435452,10,gap_through_target,0.0433190259435452,-0.004604621545692078,False,True,AAPL,2017-10-13 15:00:00+00:00,203,0.0023460778376668662,,,,,,,,,,,,,,,3,,,,,,,,1,False,False,mixed_control
0.017518988454683783,0.5680647467311559,0.8229838658936564,0.07144935287576588,0.13296410625482769,0.5725994734210933,0.0,0.28860732198407174,2.2428322187451544,0.8423693006331171,0.9429170033503748,2.1566493226043426,0.0,0.0,0.42325961827405784,0.445404472717393,2.63253779701362,0.41496877405421034,0.1576306993668829,0.41496877405421034,0.0,0.3285362985406358,0.0,0.4532705441436168,0.32853629854058664,0.011072951823908692,1.0566931510494741,0.001253289155713544,0.03419996922952184,0.010780675873515388,0.1234298208583533,0.037626861279609125,0.03900116763839301,0.0,0.15763069936688293,1.0,2.2962782487205495,2.7114041128682858,0.42740052657890676,0.20595424946931326,True,2017-10-16 15:00:00+00:00,2017-10-16 16:00:00+00:00,276.2253416731735,269.6924371014279,-0.02425063441382298,-0.02365063441382298,3,stop,0.002629218673201539,-0.031498812074690075,False,False,TSLA,2017-10-16 14:30:00+00:00,204,0.002015005425793034,,,,,,,,,,,,,,,3,,,,,,,,4,True,False,mixed_control
0.023144820443657756,1.0,0.0,0.13147177177869293,0.2169407974987615,0.700347350241853,0.0,0.14901284865458952,0.3482724207226693,0.7356210210221337,-0.07751790275899126,0.24141137198861332,0.0,-116.56129635661094,0.28318772742702164,0.1567572138979748,1.6490281222394192,0.43596837126398663,0.26437897897786633,0.43596837126398663,1.0,0.34489935512280984,0.011656129635661094,0.4972852693772588,0.3448993551227708,0.009767923958562828,1.1656873197093516,-0.00863952822323133,-0.009958614479524841,0.00533990680141283,-0.030494655341159582,-0.010029696753326323,0.002602790056491333,0.0,0.2643789789778664,0.5833423237538743,0.03527742270147496,1.133420860146608,0.299652649758147,0.4085277075819421,True,2017-10-18 14:00:00+00:00,2017-10-18 17:30:00+00:00,264.9456518852835,261.14894917907407,-0.014930118947765702,-0.014330118947765702,8,momentum_decay,0.010204290529099103,-0.026034959249722656,False,False,TSLA,2017-10-18 13:30:00+00:00,206,0.006256899807215303,,,,,,,,,,,,,,,3,,,,,,,,0,False,False,mixed_control
0.020018730338961926,-0.9709418174260521,-0.23931566428755743,0.3457700975925664,0.5696872247214922,0.7225857652639477,0.0,0.25895010738684354,1.7301930534289534,0.6295751796118954,-0.020589818796503505,0.8412136744724802,0.0,0.0,0.14416401090130132,0.10181743037039524,0.9506947847250082,0.35216094487584315,0.37042482038810454,0.35216094487584315,0.0,0.39753072497844,0.0,0.9334420334746825,0.6436229692706384,0.009292193343306233,1.436148645489225,0.0069701246981783704,-0.015131560469216487,0.019443012648791003,0.0812795732757261,0.014251549782671624,-0.009187430666290797,0.0,0.3704248203881046,1.0,1.3613135888737697,0.7489083329925361,0.27741423473605226,0.9929916255515743,True,2017-10-20 17:30:00+00:00,2017-10-20 18:30:00+00:00,292.0210035533217,304.5896664587327,0.042440270228768215,0.04304027022876822,3,target,0.052585553107062255,-0.015437254763821517,False,False,NVDA,2017-10-20 17:00:00+00:00,208,0.0037665632544565636,,,,,,,,,,,,,,,3,,,,,,,,1,False,False,mixed_control
0.010141506828323696,0.8854560256532099,0.4647231720437685,0.19542718793500172,1.3338869655867551,0.46087035293255535,0.0,0.3646894227520768,0.553908633131249,0.7110950187047052,0.5105709036439398,0.5504753749161171,0.0,0.0,0.06502361728617152,0.3662630145594344,0.5952315909048186,0.17196537163726044,0.28890498129529496,0.17196537163726044,0.0,0.36589233328182236,0.0,0.6764410466680465,1.1697769227715633,0.0036499675849047952,1.2254286846945466,0.0019858619927182186,0.022587250011737225,-0.002641722695624016,0.025960502897840687,-0.0007601641977634799,0.017233923150734576,0.0,0.2889049812952949,1.0,0.05515971951568006,1.8661140581536486,0.5391296470674446,0.7770555281789423,True,2017-10-23 14:30:00+00:00,2017-10-23 16:00:00+00:00,162.1196414406396,162.15206536892774,-0.000400000000000022,0.00019999999999997797,4,stop,0.013531582990837121,-0.025085228407627502,False,False,AAPL,2017-10-23 14:00:00+00:00,209,0.0032054436109527087,,,,,,,,,,,,,,,3,,,,,,,,0,False,False,mixed_control
0.009033191772813786,-0.7485107481711012,0.6631226582407952,0.42411527078929884,11.009317825950648,0.6060614606094257,0.0,0.4442190145405543,1.6251560075962403,0.6238896921583228,0.2847148922966435,0.005342453972600711,0.0,0.0,0.07705903724862116,0.16773282631589362,0.6113928493131239,0.2299511527677485,0.3761103078416771,0.2299511527677485,0.0,0.3167338065671789,0.0,1.1276353291753687,3.157225339587772,0.003615913255494268,1.0812074429814131,0.003845848460909629,0.0067933126356776175,0.0041966411410527815,0.006280209123008973,0.008777834165999643,0.015047612138461286,0.0,0.37611030784167715,1.0,1.2208916687890041,1.0474016031374895,0.3939385393905744,0.252555784595289,True,2017-10-24 16:30:00+00:00,2017-10-24 18:30:00+00:00,154.14599896230422,153.59676924803964,-0.004163048784671285,-0.0035630487846712855,5,momentum_decay,0.0075817618862576985,-0.0067675458860370075,False,False,MSFT,2017-10-24 16:00:00+00:00,210,0.0025593916029170724,,,,,,,,,,,,,,,3,,,,,,,,0,False,False,mixed_control
0.02484105378152311,1.0,0.0,0.8251055485347855,1.4996241765990208,0.8261010917477477,0.0,0.31909191528711717,1.5158357360369068,0.5503334706742165,0.5604202949400494,1.221318232366102,0.0,196.47044982224583,0.1268635317206797,0.044237747037085266,0.8371416102201874,0.3764345624219641,0.44966652932578366,0.3764345624219641,1.0,0.045207993224156987,0.019647044982224582,1.8349276513240238,1.429856643502968,0.01382288845689603,1.5546649262552992,0.04098355537527243,0.09513974928312896,0.05600834179269287,0.0534276238805278,0.04292200822446901,0.06610755907931187,0.0,0.4496665293257836,0.4239690228725767,1.7797096509320747,0.3867286019997216,0.17389890825225227,1.6061630721612352,True,2017-10-25 14:00:00+00:00,2017-10-25 19:30:00+00:00,337.2688260491827,332.65803306697603,-0.014270972903775835,-0.013670972903775835,12,momentum_decay,0.0029065117253121997,-0.03288432825362775,False,False,NVDA,2017-10-25 13:30:00+00:00,211,0.0012117315911430167,,,,,,,,,,,,,,,3,,,,,,,,3,False,False,mixed_control
0.017912321006713583,0.120536680255323,0.992708874098054,0.4282281442408654,1.0990244887061933,0.807860903593364,0.0,0.21640507345333157,1.3662031606945868,0.6197900198117388,0.6295458247041069,1.7448553972516143,0.0,0.0,0.1877266008749941,0.05975531524580307,1.1247756389592636,0.42765092340510275,0.38020998018826135,0.42765092340510275,0.0,0.4512329378007961,0.0,1.1262938022532387,1.0752322125424432,0.006603406494868773,1.0745542632369118,0.007729852279325655,0.042539585859448836,0.014867798930550569,0.10100151867590679,0.033673561499762084,0.02844236672746958,0.0,0.3802099801882613,1.0,0.9302936340477989,0.5053499550733129,0.19213909640663593,0.1986140788754844,True,2017-10-26 15:30:00+00:00,2017-10-26 18:30:00+00:00,343.8598138018467,341.71625503564314,-0.006833815875439363,-0.0062338158754393636,7,momentum_decay,0.01956417416539935,-0.01897945244061816,False,False,NVDA,2017-10-26 15:00:00+00:00,212,0.001561512930862382,,,,,,,,,,,,,,,3,,,,,,,,3,False,False,mixed_control
0.024707158179645857,1.0,0.0,1.2617012799790552,2.1552203203978406,0.7252307556284325,0.0,0.7406926467545822,1.9549971435952855,0.5319560564810755,0.39717140370990434,1.2306871185550647,0.0,-21.326433492815376,0.07066311560040933,0.0773242289844434,0.5494928749122591,0.25718681210950795,0.46804394351892464,0.25718681210950795,1.0,0.31904924514029065,0.0021326433492815378,2.6956897903498676,1.9877482296412063,0.011361032873306785,2.072370131715237,0.029974816290506467,0.05799335461732302,0.04555094295587425,0.06118014096429647,0.030032644052530033,0.040371764615960704,1.0,0.4680439435189246,1.0,2.223514803162288,0.5870586473264192,0.27476924437156747,2.480463172021967,True,2017-10-27 14:00:00+00:00,2017-10-27 16:00:00+00:00,357.90298036973445,345.96524687863615,-0.033954663542521815,-0.03335466354252181,5,stop,0.0038611015091678524,-0.03926778585956481,False,False,NVDA,2017-10-27 13:30:00+00:00,213,0.0030063353562202553,,,,,,,,,,,,,,,3,,,,,,,,4,True,False,mixed_control
0.024511995755710142,1.0,0.0,0.38526836887171795,2.681525906197527,0.8188189571420798,0.0,0.17914278402072148,0.8096073699410415,0.6103481073272055,-0.3712000793963759,0.621226390690935,0.0,94.9298980009683,0.1834821547612117,0.0540009419314545,1.101411471468292,0.42916706446928515,0.38965189267279454,0.42916706446928515,1.0,0.1230697278957473,0.00949298980009683,0.9887501539617629,1.960721166113881,0.00947615057836537,2.4493108016724627,0.01911722368342228,-0.015268859945765212,0.022788100728366345,-0.005964258835541081,-0.00498089228083487,-0.029421767231198492,1.0,0.38965189267279454,-0.034983207990623696,0.33838327164792203,0.4649818113677349,0.1811810428579203,3.3671824235915886,True,2017-10-30 14:00:00+00:00,2017-10-30 15:00:00+00:00,330.4872128549289,319.5509962905266,-0.033691194270208794,-0.03309119427020879,3,stop,0.005097660501175216,-0.03880776430016841,False,False,TSLA,2017-10-30 13:30:00+00:00,214,0.005083100449609464,,,,,,,,,,,,,,,3,,,,,,,,0,False,False,mixed_control
0.010261997251040643,-0.9709418174260521,-0.23931566428755743,0.3982540667724066,0.5849866028408611,0.6761371458767108,0.0,1.0113908312292905,1.503472299908945,0.617906159606803,0.040331727649102804,0.1972756824225794,0.0,0.0,0.10717101044352638,0.12324531892773011,0.7695578268952588,0.2940433054835137,0.38209384039319705,0.2940433054835137,0.0,0.4374296034532382,0.0,1.0422938678168163,0.649784496226167,0.005021273106284623,1.15363178077258,0.004103653285750131,0.00458795672293566,0.011197153377621838,0.011643464847187479,0.009698928044690414,0.008973148371475892,0.0,0.38209384039319705,0.4756931872975489,0.7181324604661918,0.8476003009875985,0.32386285412328925,0.3672916221498819,True,2017-10-30 17:30:00+00:00,2017-10-31 15:30:00+00:00,156.0012218483088,157.30871736359418,0.007781315862748595,0.008381315862748595,10,ambiguous_stop_first,0.02979461319603338,-0.00963801270795539,False,False,MSFT,2017-10-30 17:00:00+00:00,214,0.0005547717556294931,,,,,,,,,,,,,,,3,,,,,,,,0,False,False,mixed_control
0.009166199862692997,-0.9709418174260521,-0.23931566428755743,0.0637406403309701,0.14681963448004165,0.6546926245917525,0.0,0.23547888095004324,2.9518729245508255,0.8424269297268594,0.7429319706738475,1.2944880934732976,0.0,0.0,0.5515306976496495,0.30945648808917553,3.1548509745453077,0.4971195543186119,0.1575730702731406,0.4971195543186119,0.0,0.3537921631800147,0.0,0.4045148084027345,0.35379216317980455,0.004762847069094599,1.084470349864773,0.0005846010073118357,0.029498128581200378,0.004584619004079027,0.03422142144147444,0.01445582930777256,0.023840012607230898,0.0,0.15757307027314063,0.6799959658616351,0.3893724388180216,2.191411100932438,0.3453073754082475,0.23344221218076275,True,2017-10-31 17:30:00+00:00,2017-11-01 13:30:00+00:00,160.6029659492146,158.80818933045325,-0.011775239561446726,-0.011175239561446726,6,gap_through_stop,0.01458808027427505,-0.011175239561446726,True,False,MSFT,2017-10-31 17:00:00+00:00,215,0.00224187951501037,,,,,,,,,,,,,,,3,,,,,,,,0,False,False,mixed_control
0.0062094912660131,0.8854560256532099,0.4647231720437685,0.2991898381619296,0.2645501009677644,0.7281663866401732,0.0,0.22987562391964472,2.3311040597201758,0.6462006131779819,0.619749254070874,0.52738997847192,0.0,0.0,0.16596527179200737,0.10354087756536574,1.0581335461873824,0.3743669998181551,0.35379938682201806,0.3743669998181551,0.0,0.30783625889147953,0.0,0.8456482665201444,0.3377602560981993,0.004453346015225895,1.5283494551462957,0.0018612745939459163,0.018693838687785957,0.016843851913910024,0.016631255675958467,0.01624524811940664,0.014749337352313985,0.0,0.35379938682201806,0.9021066103564148,2.7845821469194436,0.7683269770494722,0.2718336133598268,1.411429719672819,True,2017-11-06 15:30:00+00:00,2017-11-06 17:00:00+00:00,160.9935151555128,161.0257138585439,-0.000400000000000022,0.00019999999999997797,4,ambiguous_stop_first,0.01865080924329887,-0.003223706887334199,False,False,MSFT,2017-11-06 15:00:00+00:00,219,0.0016567241689728488,,,,,,,,,,,,,,,3,,,,,,,,1,False,False,mixed_control
0.007246653637526974,-0.7485107481711013,-0.663122658240795,0.137831291449208,0.19579068762431368,0.8268630088250719,0.0,0.26422354852211993,4.364522476327957,0.717497087859986,0.9379949423555544,1.5178340461473545,0.0,0.0,0.3810621425046658,0.06678632952210567,1.9269185317705186,0.5443600966850579,0.282502912140014,0.5443600966850579,0.0,0.30166026705302684,0.0,0.4878933473821894,0.30166026705286975,0.004668957417038155,1.4500113306839448,0.0009998142596545634,0.03187007160400346,0.006137703273241257,0.026626681248615558,0.011600760540533495,0.01960770102971643,0.0,0.282502912140014,0.3108078775707479,0.3939916684762833,0.6128679873149767,0.17313699117492806,1.1798194104238668,True,2017-11-06 19:00:00+00:00,2017-11-07 14:30:00+00:00,163.84526683590525,162.24237147237946,-0.010382982410661445,-0.009782982410661445,5,stop,0.0037396590756189063,-0.010740295201998706,False,False,MSFT,2017-11-06 18:30:00+00:00,219,0.0013792448733672986,,,,,,,,,,,,,,,3,,,,,,,,1,False,False,mixed_control
0.008178757841482958,1.0,0.0,0.5053118070882237,12.171879455440664,0.751656095597555,0.0,0.29729061592927725,0.8998018460121818,0.5778840622981596,0.7260055150731709,1.2741587774265979,0.0,132.05452467820234,0.1130355993823241,0.07598257151240181,0.7806863670900004,0.3295401578957146,0.4221159377018404,0.3295401578957146,1.0,0.0,0.013205452467820233,1.1970924619414591,4.466282826791871,0.0055403427986589066,1.1609459857157798,0.017410228764650038,0.02937011553131952,0.017761814628571848,0.04259337494060578,0.02124958575472058,0.0262445609553712,0.0,0.42211593770184036,1.0,2.818413892120282,0.5883310299870812,0.248343904402445,0.41100821402467136,True,2017-11-08 15:00:00+00:00,2017-11-08 18:30:00+00:00,167.53893634382416,168.4528287941346,0.004854806328929696,0.0054548063289296955,8,ambiguous_stop_first,0.028456336801497173,-0.008832832256363332,False,False,MSFT,2017-11-08 14:30:00+00:00,221,0.0014780413629419324,,,,,,,,,,,,,,,3,,,,,,,,2,False,False,mixed_control
0.007722501135182639,1.0,0.0,0.3690609080678931,0.7653462483050115,0.8431369236075787,0.0,0.1468935329053727,0.7895507615944498,0.6058912310795621,0.8300344014566933,3.670017754613353,0.0,27.373889652471117,0.1940121801371175,0.04429018042030245,1.1393508343299958,0.4490281546871408,0.394108768920438,0.4490281546871408,1.0,0.1517467111422618,0.0027373889652471117,0.9364442944998225,0.806523072765532,0.0027968807880189477,1.4451379269190354,0.00560343243983441,0.02821407862666314,0.009383337986632823,0.07809423997885756,0.014894224092020014,0.013051805191999888,0.0,0.39410876892043795,1.0,1.388645158293064,0.39801975688539887,0.15686307639242125,1.1784978078822426,True,2017-11-10 15:00:00+00:00,2017-11-10 17:00:00+00:00,180.6227622444613,179.90313758397372,-0.0045841305245550405,-0.003984130524555041,5,momentum_decay,0.00632360406374044,-0.006147048484742901,False,False,MSFT,2017-11-10 14:30:00+00:00,223,0.0019437523711838376,,,,,,,,,,,,,,,3,,,,,,,,2,False,False,mixed_control
0.007294361206658415,-0.9709418174260521,-0.23931566428755743,0.2749649120653713,0.39098319002606613,0.7957684758173084,0.0,0.43040862312253436,1.5638214939514552,0.6383717579898625,0.45198165631198634,3.3372608367214935,0.0,0.0,0.20328570344042649,0.06800199668498498,1.2005152899363598,0.43414023380717087,0.36162824201013755,0.43414023380717087,0.0,0.38134777475720416,0.0,0.7603524286072304,0.4710002364030533,0.003388806351910811,1.114508968250848,0.002009724278458469,0.012646201650106548,0.0071868467494249355,0.06781791457311703,0.005234257760922567,0.008795301088223573,0.0,0.3616282420101375,0.8658151273099179,0.9174658125458935,0.5647554600461887,0.2042315241826916,0.3373285343544832,True,2017-11-10 18:30:00+00:00,2017-11-13 20:00:00+00:00,181.19607386353044,184.0377495293067,0.015082876594315554,0.015682876594315553,17,target,0.01926471957257525,-0.005013358817998581,False,False,MSFT,2017-11-10 18:00:00+00:00,223,0.0016288300664261714,,,,,,,,,,,,,,,3,,,,,,,,1,False,False,mixed_control
0.007887800782869438,1.0,0.0,0.18416618529405845,0.5038024909859324,0.5049446397254049,0.0,0.2925795866734242,0.2984241881592278,0.688384079532814,0.7230955799048796,0.26535168325916575,0.0,35.68958777933729,0.07188364081709774,0.29406293526632343,0.6204070670313934,0.19332871925821882,0.3116159204671861,0.19332871925821882,1.0,0.0,0.0035689587779337284,0.591003774832652,0.6208387842705166,0.003788227346122413,1.0714362470709218,0.0050289303154678056,0.026611876287271574,0.007949872851382933,0.010792254197283802,0.014980372255462893,0.025980408838003788,0.0,0.31161592046718606,1.0,1.2945938459290665,1.588671591394067,0.4950553602745951,0.24727443870913635,True,2017-11-14 15:00:00+00:00,2017-11-14 15:30:00+00:00,150.55624157526475,148.95303876104435,-0.0112485310568738,-0.0106485310568738,2,stop,0.005924076635403841,-0.018258812678218383,False,False,AAPL,2017-11-14 14:30:00+00:00,225,0.0029458323679027914,,,,,,,,,,,,,,,3,,,,,,,,1,False,False,mixed_control
0.00899431484801425,-0.7485107481711013,-0.663122658240795,0.2358286521583334,1.187769635431701,0.5135765258855064,0.0,0.458508046209458,2.225366624199041,0.6462593856142025,0.5060547600981844,0.5176156921004844,0.0,0.0,0.04998966312581418,0.24887388222184728,0.4518449536158961,0.15983591149970888,0.3537406143857975,0.15983591149970888,0.0,0.4032872254821607,0.0,0.6666711216290627,1.1264536469314566,0.004554226282906228,1.491582598305068,0.002125625849133117,0.020918693213191286,0.003922239433952424,0.018855578018794672,0.011069525024631988,0.0017927178006782452,0.0,0.3537406143857975,1.0,1.312637349225886,1.3750851735177594,0.4864234741144936,1.446969509404093,True,2017-11-14 19:00:00+00:00,2017-11-14 20:00:00+00:00,150.82614642953993,151.7899663422978,0.00579027075592713,0.00639027075592713,3,stop,0.017456643622334234,-0.003370667767203628,False,False,AAPL,2017-11-14 18:30:00+00:00,225,0.002864858831660655,,,,,,,,,,,,,,,3,,,,,,,,0,False,False,mixed_control
0.009604036316003952,1.0,0.0,0.7492035959722725,205.14909869121968,0.7724223848195195,0.0,0.418023316509085,1.4188151448552786,0.5921233076664889,0.32588742447277075,-0.10928111925856797,0.0,-23.35920465043162,0.1362601413464808,0.06998031339583678,0.8937644620000709,0.3645456924860084,0.4078766923335112,0.3645456924860084,1.0,0.19012219502339772,0.002335920465043162,1.8368384613643636,5.25977516657578,0.0031941972553112537,2.0284074447022338,0.004894677133580938,0.01044418338536035,0.00493009647096998,0.025269692185705628,0.006491634876197194,0.01529208456562392,1.0,0.40787669233351115,1.0,1.0809478165469706,0.5579569008426783,0.22757761518048047,3.0064615162892636,True,2017-11-15 15:00:00+00:00,2017-11-15 16:00:00+00:00,282.51733255423056,278.8543684798662,-0.013565449026605236,-0.012965449026605236,3,stop,0.011447855335338097,-0.013694769317681765,False,False,TSLA,2017-11-15 14:30:00+00:00,226,0.00371114590446562,,,,,,,,,,,,,,,3,,,,,,,,0,False,False,mixed_control
0.00834762845799804,0.120536680255323,0.992708874098054,0.19653437806663343,3.177178436838563,0.6041337882545107,0.0,0.23886562285066715,1.0029935766580989,0.6742883350291331,0.42560543177465165,1.2730660410951786,0.0,0.0,0.11607212789817804,0.19711638409608367,0.8548116423998394,0.2784221232836438,0.3257116649708669,0.2784221232836438,0.0,0.4891567611124634,0.0,0.6033998754211407,1.8061330128462836,0.004047539696908313,1.0587435418537963,0.0016432919454627548,0.026631619272760032,0.002161627368866048,0.0373041557474596,-0.0037762456016563473,0.01293139669091925,0.0,0.32571166497086695,1.0,0.3227291857606411,1.2153884994549333,0.39586621174548925,0.20671535156496812,True,2017-11-15 16:30:00+00:00,2017-11-15 18:30:00+00:00,152.77653916038298,151.05485474926994,-0.01186929841829738,-0.01126929841829738,5,stop,0.008202158702691698,-0.012269525527328407,False,False,AAPL,2017-11-15 16:00:00+00:00,226,0.003759496975001338,,,,,,,,,,,,,,,3,,,,,,,,0,False,False,mixed_control
0.00790172536933953,-0.9709418174260521,-0.23931566428755743,0.33744872326967484,0.6198315486051702,0.7089289337572439,0.0,0.2609712353915696,2.5280247590378977,0.6236307057481403,0.19474255080958286,-0.10121144977199892,0.0,0.0,0.1302159829100668,0.10730094651775368,0.8835992855517425,0.3325596395053841,0.3763692942518597,0.3325596395053841,0.0,0.2375320126105254,0.0,0.8965894094534185,0.6850216164128052,0.003570199774791373,1.8145630713174705,0.002673555979729292,-0.003721018945515353,0.007017182592904625,0.0017071462592499476,0.013836007636073955,0.007779752656988048,0.0,0.3763692942518598,1.0,1.4696806757016065,0.7733656031122783,0.29107106624275614,2.6163649235538586,True,2017-11-16 18:30:00+00:00,2017-11-17 15:30:00+00:00,150.76316264559767,151.80960677234006,0.006340980199535041,0.006940980199535041,8,stop,0.01602796437427556,-0.006437737049045933,False,False,AAPL,2017-11-16 18:00:00+00:00,227,0.002025368742818781,,,,,,,,,,,,,,,3,,,,,,,,0,False,False,mixed_control
0.010031919713379677,-0.7485107481711012,0.6631226582407952,0.2604265769011668,2.3447813363792642,0.5039955638012972,0.0,1.0050676950251956,0.6259540139873232,0.6807692708349622,0.10893436260060008,0.2687066992785843,0.0,0.0,0.06619421416962558,0.2874368632973619,0.5787814823443906,0.18476483463625942,0.3192307291650378,0.18476483463625942,0.0,0.41434322891177955,0.0,0.8157941987048807,1.577869703456774,0.0034809568058393314,1.076979889531396,0.002619421956216117,0.012295459353817373,0.0037407292883095966,-0.018486021739897107,0.0009898617592043468,0.010791468437793439,0.0,0.31923072916503775,-0.2838172524916072,-0.284868275054696,1.5537490312896418,0.4960044361987028,0.24850775763674546,True,2017-11-17 17:30:00+00:00,2017-11-17 18:00:00+00:00,296.9210721300691,292.8998428483628,-0.014143091613062552,-0.013543091613062552,2,stop,0.00983428161963018,-0.015808360520890408,False,False,NVDA,2017-11-17 17:00:00+00:00,228,0.0018167829762364281,,,,,,,,,,,,,,,3,,,,,,,,0,False,False,mixed_control
0.011520070456960258,-0.35460488704253545,0.9350162426854148,0.5282729445429308,1.3057530278185256,0.9047297096377934,0.0,0.1249162234638074,1.3722716518761593,0.5971002370906221,0.7944055970903346,1.0446666622080854,0.0,0.0,0.22428715564483095,0.02344574747038045,1.2455454009314484,0.5018299467284155,0.4028997629093779,0.5018299467284155,0.0,0.5859160080129904,0.0,1.3111771045190523,1.2331935062008308,0.006155772154136768,1.9078953471882611,0.006123004564880574,0.04186923499518791,0.010863196496084804,0.03918073213274642,0.008117606158154267,0.03457737112026571,0.0,0.4028997629093779,1.0,1.0408747216936918,0.2364615200421058,0.09527029036220658,1.3778228791218425,True,2017-11-22 17:00:00+00:00,2017-11-22 17:30:00+00:00,306.7194927753278,301.9493620494797,-0.01615209511689637,-0.01555209511689637,2,stop,0.00982150284504546,-0.018233010355704793,False,False,NVDA,2017-11-22 16:30:00+00:00,231,0.0008112739623731273,,,,,,,,,,,,,,,3,,,,,,,,2,False,False,mixed_control
0.013634877528870631,0.5680647467311559,0.8229838658936564,0.22482760169324406,0.49660211594170767,0.815966895116345,0.0,0.20689670358368195,1.173928494895911,0.6626571824036336,0.48473781448408776,1.4273698308700526,0.0,0.0,0.25571915952943025,0.06282653546285144,1.4188061892936419,0.4786240775199787,0.3373428175963664,0.4786240775199787,0.0,0.3777293656257483,0.0,0.6664662472886921,0.5951279224486515,0.006258050704783698,1.1017895765303751,0.0030749229807987,0.03324211152717771,0.009324584957133064,0.07096201002346891,0.013539320338186167,0.02545383853896399,0.0,0.33734281759636636,0.14758640191308023,0.8090699522705311,0.5455373444578883,0.18403310488365496,0.19711895114542327,True,2017-11-23 16:00:00+00:00,2017-11-23 18:00:00+00:00,313.5097780394383,313.5724799950462,-0.000400000000000022,0.00019999999999997797,5,stop,0.02763771731313258,-0.008121765050113638,False,False,NVDA,2017-11-23 15:30:00+00:00,232,0.0015429151548904724,,,,,,,,,,,,,,,3,,,,,,,,2,False,False,mixed_control
0.010810382607170254,-0.7485107481711013,-0.663122658240795,0.33662357794848186,4.678757165279301,0.5855215794926975,0.0,1.3674690153913698,1.344810357164686,0.6443002553950659,0.17961201364789994,1.5933880246757877,0.0,0.0,0.08124893721029246,0.19274211563721697,0.6461118917665332,0.2298218348877633,0.35569974460493414,0.2298218348877633,0.0,0.4410418414309489,0.0,0.9463700299317345,2.267358572499235,0.004038294109896833,1.215236612430433,0.0036523205751630705,-0.0010337172766824443,0.004436401390994327,0.04083592039885131,0.011369509791912202,-0.002821586510908247,0.0,0.3556997446049342,1.0,0.9777184566493293,1.165248012666688,0.4144784205073025,0.6057850354860633,True,2017-11-24 19:00:00+00:00,2017-11-27 14:30:00+00:00,321.330970402223,314.97415137869643,-0.02038277728900346,-0.01978277728900346,5,gap_through_stop,0.01030426088230918,-0.01978277728900346,True,False,NVDA,2017-11-24 18:30:00+00:00,233,0.0010079265505845215,,,,,,,,,,,,,,,3,,,,,,,,0,False,False,mixed_control
0.012903211395682056,1.0,0.0,0.4575680209745831,0.8444565493807781,0.6170799440760658,0.0,0.43752403193200745,0.7050748608742762,0.5995374896165253,-0.009280510985400621,1.0499575145952134,0.0,-238.44314126217904,0.06670648592044656,0.14969773900403435,0.5409181335976913,0.21661743369259104,0.4004625103834748,0.21661743369259104,1.0,0.0,0.023844314126217903,1.1425988928062836,0.8691409498538786,0.006765180069785745,1.1717058897653885,-0.018046767085328375,-0.016743302158236606,-0.011258644566056075,0.02006158325962404,-0.01523350781612065,-0.0032848214870737635,0.0,0.40046251038347475,1.0,-0.7390293182349535,0.9561945150797089,0.38292005592393424,0.406099852408969,True,2017-11-27 15:00:00+00:00,2017-11-27 18:00:00+00:00,316.8448339815926,313.1772343466667,-0.012175380885455733,-0.011575380885455733,7,momentum_decay,0.003235699633533873,-0.014540745448843317,False,False,NVDA,2017-11-27 14:30:00+00:00,234,0.004181253615343672,,,,,,,,,,,,,,,3,,,,,,,,0,False,False,mixed_control
0.008648242702787357,-0.35460488704253545,0.9350162426854148,0.20238354083011192,0.3180298628090377,0.8082514262488244,0.0,0.1404617288626736,2.3235964481634874,0.6669916947448825,0.42014726074380404,0.835229880131126,0.0,0.0,0.2564521978621205,0.06717913216423586,1.4271209260914333,0.47524312099370697,0.3330083052551175,0.47524312099370697,0.0,0.41258625867008125,0.0,0.607743223326115,0.4125862586698564,0.003946141900772045,1.1133423595514764,0.0017533307683306187,0.013457147959088811,0.007306714466383868,0.029936539936572304,0.014015357063695166,0.008258959670244925,0.0,0.3330083052551175,1.0,1.5039500040889417,0.5758071817563726,0.19174857375117554,0.2754382843731937,True,2017-11-30 17:00:00+00:00,2017-12-01 15:00:00+00:00,144.04748950797773,146.72586845546098,0.017993721810992836,0.018593721810992836,10,target,0.020528424904489917,-0.0035251044092019512,False,False,AAPL,2017-11-30 16:30:00+00:00,237,0.0024990995747611166,,,,,,,,,,,,,,,3,,,,,,,,0,False,False,mixed_control
0.012432100076491778,-0.35460488704253545,0.9350162426854148,0.49174896401172535,0.8828556079107436,0.860433913435229,0.0,0.1701909201155232,1.6628462178113177,0.5967383075853234,0.47456529302807005,0.877674932373085,0.0,0.0,0.1940318606078281,0.037369532134143596,1.133686213244905,0.45717222102055255,0.40326169241467646,0.45717222102055255,0.0,0.5052480576496042,0.0,1.2194289050050824,0.9047320145120297,0.005309907087863723,1.6422483821180847,0.006151076770761765,0.022251046173105138,0.013210367896075548,0.02667388685614891,0.017933015675856145,0.017864081747505534,0.0,0.4032616924146765,0.9062168253547148,1.0391941024575895,0.346093093368227,0.13956608656477096,1.6217952283774622,True,2017-12-01 17:00:00+00:00,2017-12-04 17:00:00+00:00,330.595410469155,339.43190020888505,0.02612901516445725,0.026729015164457248,14,target,0.029965211433630845,-0.00534324224859084,False,False,NVDA,2017-12-01 16:30:00+00:00,238,0.0016815129376787706,,,,,,,,,,,,,,,3,,,,,,,,0,False,False,mixed_control
0.009186869931680943,1.0,0.0,0.48740429995442924,0.8226322028975238,0.8709046259019302,0.0,0.15032325843323407,1.014112411577979,0.5814244509104262,-0.14088437383334348,0.2806666159338985,0.0,-83.26089423462469,0.18239934925779988,0.032736221120095145,1.0806390334922882,0.45232907681235635,0.41857554908957384,0.45232907681235635,1.0,0.678064543392929,0.008326089423462468,1.1644356700112128,0.8470739857161864,0.004285774583072178,1.5851571965143811,-0.0038656789432003347,-0.0059484696864142705,0.0015649262262320551,-0.006714615322333972,0.0011454485979891516,-0.0091975750664689,0.0,0.41857554908957384,0.31809364699657,-0.40562969107343416,0.30841594636538433,0.1290953740980698,1.7396833370328917,True,2017-12-05 15:00:00+00:00,2017-12-05 16:00:00+00:00,145.25036314606783,143.44892828450216,-0.013002274407769198,-0.012402274407769198,3,stop,0.005627888318493035,-0.012427004705803935,False,False,AAPL,2017-12-05 14:30:00+00:00,240,0.003565439166767338,,,,,,,,,,,,,,,3,,,,,,,,0,False,False,mixed_control
0.01209021149155483,0.8854560256532099,0.4647231720437685,0.15775289322018884,1.1766033784310819,0.8120398829933299,0.0,0.10535916347252713,0.5425652978009889,0.7185697827266906,0.3576041921193749,-0.0026302470608396767,0.0,0.0,0.3667156855953632,0.07508908610710573,1.8854040296742602,0.5306096657200204,0.2814302172733094,0.5306096657200204,0.0,0.6566240700118174,0.0,0.5605399972632932,1.0930386117808533,0.008424063460972022,1.0969557048536716,0.0019109104566787938,0.01850833342851499,0.029176352996433064,-0.008957915828403329,0.027257394881340824,0.014020788898897685,0.0,0.28143021727330936,1.0,2.679502631360602,0.667874682496667,0.18796011700667015,0.23927129064257782,True,2017-12-07 15:30:00+00:00,2017-12-07 17:00:00+00:00,339.09823790522915,333.56354919810065,-0.016921785513598974,-0.016321785513598974,4,stop,0.007526499423139432,-0.017363022757435287,False,False,NVDA,2017-12-07 15:00:00+00:00,242,0.003680270375647249,,,,,,,,,,,,,,,3,,,,,,,,1,False,False,mixed_control
0.01150270135834109,1.0,0.0,0.2650539872664011,0.7889115240882305,0.8123767881996373,0.0,0.14768132914883939,0.6394351887475562,0.6632595286212899,0.30333643899004226,0.12434134121785208,0.0,180.61148900220704,0.25368771753455843,0.06459309570270562,1.4124714943620644,0.4756363168209273,0.33674047137871,0.4756363168209273,1.0,0.0,0.018061148900220703,0.7871165178963957,0.8526575599479541,0.007129287043610905,1.7223318461833101,0.021174543488250652,0.015391895204162953,0.025220518119356328,0.013692634755333222,0.024280347034886685,0.028735882362080023,0.0,0.33674047137871005,0.3475204521102017,2.024386257968753,0.5571745238462166,0.18762321180036265,1.9072957589131236,True,2017-12-11 15:00:00+00:00,2017-12-11 15:30:00+00:00,343.0857800184675,351.5705685443363,0.024130807920433362,0.024730807920433362,2,target,0.024759545706222852,-0.006682212108807151,False,False,NVDA,2017-12-11 14:30:00+00:00,244,0.0011549537912459568,,,,,,,,,,,,,,,3,,,,,,,,2,False,False,mixed_control
0.00717776016611197,-0.35460488704253545,0.9350162426854148,0.44448562166680583,3.203763667538347,0.8750041584238996,0.0,0.1415804132649346,1.344774390861781,0.6075809282689888,0.6871214152000601,0.4746535773179069,0.0,0.0,0.2179298831654962,0.0333785356071999,1.2297697065616966,0.4825850866928883,0.3924190717310113,0.4825850866928883,0.0,0.4604855265511613,0.0,1.1326809874609873,2.1716209138813825,0.004303140390986597,1.072671634742824,0.0032006224914198356,0.02277361574776071,0.004203841747075332,-0.004381938151292286,0.004781693672490928,0.01984568892971339,0.0,0.39241907173101126,1.0,0.9864876678521266,0.3185264187707826,0.12499584157610044,0.21013180239193943,True,2017-12-11 17:00:00+00:00,2017-12-11 17:30:00+00:00,146.96274466756714,145.53867916588771,-0.010289976224251162,-0.009689976224251162,2,stop,0.0015636616091458944,-0.010204541350594787,False,False,AAPL,2017-12-11 16:30:00+00:00,244,0.0021194995351695688,,,,,,,,,,,,,,,3,,,,,,,,0,False,False,mixed_control
0.011895633643405384,0.8854560256532099,0.4647231720437685,0.49410485709330576,4.1027674552933755,0.6977755039332595,0.0,0.3732347747774308,0.870274437289042,0.5999017199611083,-0.13539082330743138,0.8836486410936183,0.0,0.0,0.1038134188797222,0.1060861241402656,0.7440102563432291,0.2976772238943679,0.4000982800388916,0.2976772238943679,0.0,0.38606318633820935,0.0,1.2349587132573432,2.5274232432747867,0.006903671348145609,1.2567539489819317,0.005912441863965334,-0.0013697936671885902,-0.01009104832797647,0.022974590487427893,-0.00999923403112113,-0.010228249722098903,0.0,0.40009828003889164,0.46832725292320876,-1.1135201802592245,0.7553756442972297,0.30222449606674046,0.638296395287119,True,2017-12-12 15:30:00+00:00,2017-12-12 17:30:00+00:00,344.46471449382807,343.9844674849148,-0.0019941834641002514,-0.0013941834641002515,5,momentum_decay,0.011761604784591206,-0.006606797097501338,False,False,NVDA,2017-12-12 15:00:00+00:00,245,0.004283085089543132,,,,,,,,,,,,,,,3,,,,,,,,0,False,False,mixed_control
0.007766902682363034,1.0,0.0,0.05188326887947763,0.15483063492284183,0.8597507365710426,0.0,0.04631974893094323,0.28394757510677837,0.8429052312981717,0.1363505461760422,0.5422062129505689,0.0,94.08723006063768,0.7246883934681883,0.07458570287647329,4.472815827439101,0.7026559678692144,0.15709476870182826,0.7026559678692144,1.0,0.0,0.009408723006063768,0.3302673240377216,0.36960710081310016,0.004263726029101007,1.8348282263855387,0.009815650741651138,0.015360068146551775,0.012476654052610892,0.010954076850256733,0.004675079423614115,0.010569455439641384,0.0,0.15709476870182826,-0.2632747112974025,0.9469923435616139,0.8927685153717752,0.14024926342895735,1.9302896067825108,True,2017-12-13 15:00:00+00:00,2017-12-13 16:00:00+00:00,147.86553815858795,146.31512087790142,-0.011085318621190065,-0.010485318621190065,3,stop,0.0013788252609194807,-0.015101589055314668,False,False,AAPL,2017-12-13 14:30:00+00:00,246,0.0024264336761428106,,,,,,,,,,,,,,,3,,,,,,,,0,False,False,mixed_control
0.011271222817280173,-0.3546048870425359,-0.9350162426854147,0.5803812087514784,0.7782237492942587,0.8537725701094189,0.0,0.2077364086029839,2.1257563151385193,0.5914647168339537,0.3335642138457369,0.7575072003408735,0.0,0.0,0.18344747682865112,0.03914840995928844,1.089838026945195,0.4452372869433726,0.40853528316604626,0.4452372869433726,0.0,0.357875637231168,0.0,1.4206391287765139,0.8127440991514874,0.00482583465076211,1.399178512569666,0.006584680306493063,0.018008858442279507,0.015174238025394082,0.017079918724185683,0.018546475853437494,0.010557676785509118,0.0,0.40853528316604626,1.0,1.6274952370687465,0.35793096928444457,0.1462274298905811,0.9195472419559286,True,2017-12-13 19:30:00+00:00,2017-12-14 15:30:00+00:00,354.1196885611264,354.19051249883864,-0.000400000000000022,0.00019999999999997797,6,ambiguous_stop_first,0.026526248059493218,-0.007492657250676604,False,False,NVDA,2017-12-13 19:00:00+00:00,246,0.001640483141001433,,,,,,,,,,,,,,,3,,,,,,,,1,False,False,mixed_control
0.006150667962014453,1.0,0.0,0.27051127604009056,0.5121280078447215,0.8330369837524094,0.0,0.13798976849405245,0.6884792998978754,0.6726903808191781,0.12751759075013616,0.7487515455576228,0.0,-11.463496585916166,0.2886130275059507,0.05653560485901233,1.5451038861468738,0.5057273645715876,0.3273096191808219,0.5057273645715876,1.0,0.6164776531098413,0.0011463496585916166,0.8264690683919279,0.6164776531093379,0.0023094141678293803,2.0071760750915115,0.0005183378037283415,0.0033740994154363158,0.0037811585907572276,0.004512412248672826,0.0015987757720097306,0.001989745983506319,1.0,0.3273096191808219,0.7422687155626675,0.495364351026505,0.5101072698834322,0.16696301624759052,2.5231869768815747,True,2017-12-15 15:00:00+00:00,2017-12-15 16:30:00+00:00,148.53276842413138,148.97762762712438,0.0023950239782963186,0.0029950239782963184,4,stop,0.010916554142674118,-0.004542693126284525,False,False,AAPL,2017-12-15 14:30:00+00:00,248,0.003333131905115778,,,,,,,,,,,,,,,3,,,,,,,,0,False,False,mixed_control
0.007679596443889778,1.0,0.0,0.16032806260564125,0.3936490883049127,0.635335980305447,0.0,0.20036607295720696,0.3490878411553946,0.7082047129201365,-0.03257178317195926,0.3105214074025901,0.0,-0.5763257379776121,0.17657976046256726,0.19366895509110457,1.177334619286294,0.34354069322558345,0.2917952870798636,0.34354069322558345,1.0,0.29382810293333744,5.763257379776121e-05,0.5494539141126016,0.5272422254029057,0.00382715140076325,1.3611704942532374,0.001175069055081357,0.0005315988964904594,0.004320070589978409,0.003907491979452615,0.003878804306866046,-0.0029505520039223576,0.0,0.2917952870798635,1.0,1.0650003166758546,1.24972552964076,0.364664019694553,0.8467765977218716,True,2017-12-18 15:00:00+00:00,2017-12-18 17:00:00+00:00,148.6117282799183,148.76320460405603,0.0004192757051610269,0.0010192757051610268,5,momentum_decay,0.007908441631702567,-0.006424451327844527,False,False,AAPL,2017-12-18 14:30:00+00:00,249,0.004509379072502571,145.0,21.0,0.6530351887053957,0.27331650595034895,1412.0,255.0,0.029857185637861175,0.0005332794022489313,0.48148148148148145,0.008232481310743027,-0.22081158300520395,-0.0783035094215529,7.048902823345934,-0.02330712901198595,3,148.6117282799183,6.945220455133537,True,0.2589728124001754,0.38461538461538464,6.884613135849258,0.272653054103424,0,False,False,mixed_control
0.007745215569436413,1.0,0.0,0.1508760921620723,1.2385124989979068,0.6167199327603937,0.0,0.20261545443998316,0.3260200571826934,0.7145933467485951,0.26495057995325205,0.3922888075874785,0.0,67.66927229439057,0.17052986544760682,0.21390087115815365,1.160846377380203,0.33131327950898876,0.2854066532514049,0.33131327950898876,1.0,0.0,0.006766927229439057,0.5286355116226765,1.1276008471948247,0.0037758661961098715,1.3815308251384828,0.00794477910100544,0.010677602086282878,0.008904268635423929,0.011214877184259509,0.007706170079361474,0.009648491907728873,0.0,0.2854066532514049,1.0,1.6198351581606079,1.342926182242165,0.3832800672396063,0.9644084926895943,True,2017-12-19 15:00:00+00:00,2017-12-19 17:30:00+00:00,150.19854517984606,148.62806303049064,-0.011056041018739204,-0.010456041018739204,6,stop,0.0012701922876756644,-0.010766639308698145,False,False,AAPL,2017-12-19 14:30:00+00:00,250,0.0026554404183002744,,,,,,,,,,,,,,,4,,,,,,,,1,False,False,mixed_control
0.01101052940810038,-0.970941817426052,0.23931566428755768,0.021288795168563388,0.16517098445222672,0.2722788727828612,0.0,1.138540642216767,0.7543050834195011,0.931822112830995,-0.11368270241516829,0.5320771754778757,0.0,0.0,0.2531787581173631,0.741636301185403,2.9936537209711545,0.2041009856138562,0.06817788716900497,0.2041009856138562,0.0,0.5925306763738929,0.0,0.31225366541193855,0.5925306763736099,0.004386040665793468,1.2097283751484287,0.00023445586193271417,-0.007500087221046781,0.0016562805692177385,0.0035262884328544075,0.0032407032648018586,-0.005397787205888016,0.0,0.06817788716900501,1.0,0.4901496860790058,10.67385859882399,0.7277211272171388,0.5323603035983325,True,2017-12-19 18:00:00+00:00,2017-12-19 19:30:00+00:00,360.8807894404242,360.9529655983123,-0.000400000000000022,0.00019999999999997797,4,stop,0.015532121668023091,-0.0067314939959349784,False,False,NVDA,2017-12-19 17:30:00+00:00,250,0.0006573656575855017,,,,,,,,,,,,,,,4,,,,,,,,0,False,False,mixed_control
0.013222484643191514,1.0,0.0,0.16645892983300314,1.6864586676136393,0.3720611886688704,0.0,0.34967246473588526,0.2071850800217571,0.7010744823338075,0.08841887549041677,0.3431468185660373,0.0,218.35325001186234,0.021272745029614664,0.45500210949826453,0.24466185280394012,0.07313567100267794,0.29892551766619246,0.07313567100267794,1.0,0.0,0.021835325001186234,0.5568575447576424,1.3373746290627602,0.00812359625169096,1.606998612256993,0.024089346311356508,0.010911367237868674,0.02545991562736316,0.00016162948416043044,0.011686174978906783,0.019123190079674668,0.0,0.2989255176661924,-0.1415337916748517,1.6609536462733911,2.100653086537656,0.6279388113311296,1.9369118789917943,True,2017-12-20 15:00:00+00:00,2017-12-20 16:00:00+00:00,367.69577294362193,367.76931209821066,-0.000400000000000022,0.00019999999999997797,3,stop,0.015586303188988682,-0.015708008243666027,False,False,NVDA,2017-12-20 14:30:00+00:00,251,0.0019529249463917566,,,,,,,,,,,,,,,4,,,,,,,,1,False,False,mixed_control
0.01175699848241112,1.0,0.0,0.3073780584342869,0.6762251417164334,0.7838656895497359,0.0,0.16498766577216978,0.5983694589178319,0.5973338710120604,0.7202426788172812,1.0041286551269988,0.0,-215.08730794432273,0.1477559007884494,0.0661340493997767,0.9466889145089343,0.38119956056179627,0.40266612898793963,0.38119956056179627,1.0,0.0,0.021508730794432274,0.7633571246900017,0.7204604247719537,0.007516991622712018,1.8517418240760966,-0.01795979130054981,0.018270617471343398,-0.012778693367079708,0.01897317991118297,-0.00021846981473372384,0.02423708844967165,0.0,0.40266612898793963,1.0,-0.7158266197883866,0.5367581102316824,0.2161343104502641,1.5359676956363275,True,2017-12-21 15:00:00+00:00,2017-12-21 19:30:00+00:00,153.04828919994122,156.9169744832388,0.024677546737183965,0.025277546737183965,10,target,0.02951419574865466,-0.0025615507264095116,False,False,AAPL,2017-12-21 14:30:00+00:00,252,0.0011494999728148864,,,,,,,,,,,,,,,4,,,,,,,,0,False,False,mixed_control
0.005844181636887744,0.120536680255323,0.992708874098054,0.17230177063366323,0.6722339338835078,0.43887747066464167,0.0,0.34102859424741083,0.5749620845418043,0.7164976574463421,0.578090360489737,0.04418767992982822,0.0,0.0,0.057446246232267136,0.39926242532851536,0.5480558880397034,0.15537512811098375,0.2835023425536579,0.15537512811098375,0.0,0.5098880985604809,0.0,0.6077613647973721,0.7839229056700406,0.0031055305333574238,1.2407273042696616,0.0010079778401730355,0.015864378037900417,0.0025111882723811707,0.021955989903797102,0.010464744696739858,0.013158893454051412,0.0,0.2835023425536579,0.3534845561450529,0.21620331256421593,1.9792518265491599,0.5611225293353583,0.7160040919362386,True,2018-01-08 16:30:00+00:00,2018-01-08 18:00:00+00:00,110.01243443941776,110.03443692630564,-0.000400000000000022,0.00019999999999997797,4,stop,0.00875030869251403,-0.0013961049644014567,False,False,MSFT,2018-01-08 16:00:00+00:00,264,0.0010081419992697578,,,,,,,,,,,,,,,4,,,,,,,,0,False,False,mixed_control
0.007091876740964994,1.0,0.0,0.5079378172670794,1.9409167296306353,0.6256175880973697,0.0,0.4725593213525175,0.7896776489980586,0.5975891776280299,0.08015717320928335,0.3577104933387161,0.0,45.01830650328387,0.06912388216708441,0.1439569673740192,0.5546738639117583,0.2232067657253996,0.4024108223719701,0.2232067657253996,1.0,0.010847551715356531,0.004501830650328387,1.262236970350576,1.64169206652865,0.004370472180571453,2.0698298220413855,0.00813336129999298,0.0035261710848977224,0.010023153883151448,0.016207907348140704,0.01152732554342406,0.0004137092684166621,1.0,0.4024108223719701,1.0,1.5581609735172048,0.9303487657095016,0.3743824119026303,2.385479571292712,True,2018-01-09 15:00:00+00:00,2018-01-09 16:00:00+00:00,143.8719545708928,142.49451964368984,-0.010174033600302734,-0.009574033600302734,3,stop,0.0033413119253695722,-0.011856372373578172,False,False,AAPL,2018-01-09 14:30:00+00:00,265,0.002020767395595373,,,,,,,,,,,,,,,4,,,,,,,,1,False,False,mixed_control
0.007941955739962881,-0.9709418174260521,-0.23931566428755743,1.083189697970292,15.653820985145515,0.7804606275800815,0.0,0.5228128834711261,1.858595415679555,0.5451474245904799,0.04007392101176984,0.2873197164644592,0.0,0.0,0.10152387530934252,0.05914892371565419,0.7158540366120647,0.32560805217056144,0.45485257540952007,0.32560805217056144,0.0,0.15031169198959898,0.0,2.381408299150681,6.652842415390767,0.003888884354105637,1.6518989138138014,0.008677292301363382,0.011109233786562367,0.009236736680704016,0.008978536408295934,0.00936280089373187,0.008796525320093673,0.0,0.45485257540952007,0.6602953082402149,1.0030840545120996,0.4826605020804425,0.21953937241991853,1.605219250041715,True,2018-01-09 18:30:00+00:00,2018-01-09 20:30:00+00:00,143.96659552558745,143.99538884469257,-0.000400000000000022,0.00019999999999997797,5,stop,0.009158246630455391,-0.0028124273478196127,False,False,AAPL,2018-01-09 18:00:00+00:00,265,0.0011347669423526622,,,,,,,,,,,,,,,4,,,,,,,,0,False,False,mixed_control
0.006696663322571191,-0.7485107481711013,-0.663122658240795,0.7887461302619744,1.1129020404434824,0.626098278039468,0.0,0.6745770800321274,2.1252250967440953,0.5628171412515042,-0.05981999143874358,0.20373252729238475,0.0,0.0,0.05075663843341942,0.13013872456021155,0.43211991392217974,0.18891541929097222,0.43718285874849583,0.18891541929097222,0.0,0.3197614862073788,0.0,1.8041561202099354,1.097803196392401,0.00356814373252858,1.276613241441625,0.005310014604751112,-0.011913307901291081,0.010129669076171854,0.010396232188560672,0.00980282646153885,0.005422858813721065,0.0,0.43718285874849583,1.0,1.7003343925781378,0.8552524749718028,0.37390172196053195,1.0879819904208012,True,2018-01-10 19:00:00+00:00,2018-01-11 14:30:00+00:00,111.85174531105154,117.09438920432949,0.04627136422143911,0.046871364221439116,5,gap_through_target,0.046871364221439116,-0.0033126998184023204,False,True,MSFT,2018-01-10 18:30:00+00:00,266,0.0015389514225545467,,,,,,,,,,,,,,,4,,,,,,,,1,False,False,mixed_control
0.00907194200119548,0.120536680255323,0.992708874098054,0.21065445030395022,1.0959857459244882,0.4861191945648808,0.0,0.37311912100344935,0.5813310507772939,0.709874749116153,1.7314109609442507,1.7404530178711373,0.0,0.0,0.07770703991669932,0.3369742076273575,0.6755494155819887,0.19599394368103376,0.290125250883847,0.19599394368103376,0.0,0.48228249640048915,0.0,0.7260810621006121,1.0543026352026212,0.011448579798684511,1.7371467535826204,0.001914704040949733,0.06047668134368278,0.003668127775849239,0.044372445073028954,0.045705951538062006,0.05026515110560137,0.0,0.29012525088384705,0.4375653570150633,0.23836457352291968,1.7712377804666326,0.5138808054351192,1.608329388053185,True,2018-01-11 16:30:00+00:00,2018-01-11 18:30:00+00:00,117.4739901905368,116.40039452191718,-0.009739007425203682,-0.009139007425203682,5,momentum_decay,0.005149049448714971,-0.010705858327770712,False,False,MSFT,2018-01-11 16:00:00+00:00,267,0.0005043570131631238,,,,,,,,,,,,,,,4,,,,,,,,3,False,False,mixed_control
0.01424621126290806,1.0,0.0,0.8707092537633621,1.6720044223254196,0.7736422590045159,0.0,0.4447393053989003,1.5200236554038098,0.5568375060329767,-0.07200252796846685,0.43842010693802286,0.0,-105.77558872444159,0.10708515873378488,0.06347508419007548,0.7457304477168832,0.3304797650374925,0.44316249396702345,0.3304797650374925,1.0,0.645914946213923,0.01057755887244416,1.96476296080271,1.548191454403238,0.004537136873103662,1.9410023143203583,0.0018496932702258828,-0.012409680798737499,0.009351747992963455,0.019965043286032103,0.012541493523597014,-0.012170948929479675,0.0,0.4431624939670234,0.9309348335034976,0.6589509237880488,0.5107782000437887,0.22635774099548409,2.5710380532118915,True,2018-01-16 15:00:00+00:00,2018-01-16 18:00:00+00:00,199.5010763541767,199.54097656944754,-0.000400000000000022,0.00019999999999997797,7,stop,0.016674479183234947,-0.012074799387846058,False,False,TSLA,2018-01-16 14:30:00+00:00,270,0.004837180047161072,,,,,,,,,,,,,,,4,,,,,,,,0,False,False,mixed_control
0.006784425198907197,0.5680647467311559,0.8229838658936564,0.22525896137190982,0.3828715860518655,0.5689027474475498,0.0,0.29184822717653575,1.308457996323768,0.6672636311698101,-0.30816869067921726,-0.11033042389099877,0.0,0.0,0.0898115162124243,0.22011515892875327,0.7097702587979364,0.2361663786173599,0.33273636883018987,0.2361663786173599,0.0,0.3009417461117208,0.0,0.6769892998588004,0.4831353447794862,0.0023508499221710083,1.446562922399131,0.0015305917045231876,-0.007678293003653414,0.005550443853147957,-0.009041377473256396,0.0013707718983309025,-0.002104809647758721,0.0,0.33273636883018987,0.17325588289951402,0.5900122349375363,1.2956120608809651,0.43109725255245024,0.9472367608091362,True,2018-01-19 16:00:00+00:00,2018-01-19 17:00:00+00:00,121.64137245719569,120.52726228728254,-0.009758974018524724,-0.009158974018524724,3,stop,0.003615474430420429,-0.009284087190939982,False,False,MSFT,2018-01-19 15:30:00+00:00,273,0.002543383237524308,,,,,,,,,,,,,,,4,,,,,,,,0,False,False,mixed_control
0.017439416834825056,0.8854560256532099,0.4647231720437685,0.3224218139955156,0.5398750863743624,0.5819456762999835,0.0,0.41079188139775585,1.1169509365181263,0.6718780494458814,1.1795588702337474,0.2183492979920824,0.0,0.0,0.10082043661289236,0.2129158873300462,0.7735652104864958,0.25382372574586487,0.32812195055411864,0.25382372574586487,0.0,0.6423350917118852,0.0,0.982627993802375,0.6437393598244182,0.01806698474750298,1.9809751656128236,0.005654643614771748,0.09849295350213594,0.07352425701286691,0.08381344564020154,0.07777428157837218,0.06611242342646673,0.0,0.32812195055411864,1.0,4.950445359391346,1.2740821605919612,0.4180543237000165,2.6151348153954586,True,2018-01-22 15:30:00+00:00,2018-01-22 17:30:00+00:00,197.53004168234662,192.8795498910432,-0.024143212727013873,-0.023543212727013874,5,stop,0.014951936791007148,-0.030055414725836394,False,False,TSLA,2018-01-22 15:00:00+00:00,274,0.0023219496899927194,,,,,,,,,,,,,,,4,,,,,,,,5,True,False,mixed_control
0.01731716071931002,0.120536680255323,0.992708874098054,0.3837494214507753,1.1529524371607078,0.826819690587189,0.0,0.16547672258443957,1.0513653727621226,0.5983855462817718,-0.21336085362709606,0.47545733812730445,0.0,0.0,0.17460630472588654,0.049438105477294096,1.0587398758485653,0.4252052368689606,0.40161445371822835,0.4252052368689606,0.0,0.48616520823304016,0.0,0.9555169588592868,1.1203003365105062,0.007746237615758211,1.697781911892972,0.006689907858105082,-0.02055465806345047,0.012565230965235097,0.052066188311567396,-0.003607761951701427,-0.012198290419953128,0.0,0.4016144537182283,0.6252436182045538,0.5520075991091258,0.4312103506468366,0.17318030941281107,1.3338796067359233,True,2018-01-23 16:30:00+00:00,2018-01-23 18:30:00+00:00,191.4807210542422,198.6099112597054,0.03663189554651651,0.037231895546516514,5,target,0.03982372333063333,-0.00890311322210624,False,False,TSLA,2018-01-23 16:00:00+00:00,275,0.0028522487055183112,,,,,,,,,,,,,,,4,,,,,,,,0,False,False,mixed_control
0.01699467791937097,-0.9709418174260521,-0.23931566428755743,0.3739638419848356,2.8261195477357686,0.7514188422386101,0.0,0.3075733367354492,1.7172674788138669,0.6469730137488232,0.5301335781555989,2.257184361156417,0.0,0.0,0.18287297873273814,0.09135638774697263,1.128502555053213,0.3983918559874333,0.3530269862511768,0.3983918559874333,0.0,0.532775272894226,0.0,1.0593066721498803,1.8379225589918176,0.015035321072566082,1.3936362892252543,0.006396044437165793,0.05387417477852985,0.008678876003475944,0.14257696482710625,0.00244291208821501,0.055577244159954686,0.0,0.35302698625117673,1.0,0.6397348361111305,0.7041420838699652,0.24858115776138995,0.5727863002948976,True,2018-01-31 18:30:00+00:00,2018-02-01 16:30:00+00:00,256.0475006186762,260.08382450542337,0.015163965190030538,0.015763965190030538,10,momentum_decay,0.029635707472989825,-0.014311330371523212,False,False,NVDA,2018-01-31 18:00:00+00:00,281,0.0009588104053620888,,,,,,,,,,,,,,,4,,,,,,,,3,False,False,mixed_control
0.0072111858812645225,1.0,0.0,0.4476327656536866,1.4706746273247313,0.8518663458068279,0.0,0.16854939204084465,0.9692703219118644,0.6065872649554993,0.016832220244642575,0.4685746060974416,0.0,10.880062140383728,0.20071992129782582,0.041229970119153865,1.165324784693052,0.4584536107623272,0.3934127350445006,0.4584536107623272,1.0,0.3909834188691257,0.0010880062140383728,1.137819713952709,1.3372169275188976,0.0034235107078719428,1.4304740659251147,0.004329946200182899,-0.014028526409010755,0.006548771935734887,0.012038672185008092,0.010315438793293774,-0.0009505666535277735,0.0,0.39341273504450064,1.0,1.4527172253733456,0.3765349745886187,0.14813365419317215,1.1775014923962512,True,2018-02-06 15:00:00+00:00,2018-02-06 15:30:00+00:00,130.31837046791173,129.04970797710845,-0.010335100939707197,-0.009735100939707197,2,stop,0.0028139030758520533,-0.0136562012262198,False,False,AAPL,2018-02-06 14:30:00+00:00,285,0.004688921706687012,130.0,14.0,0.541744418896577,0.2722734455245244,2028.0,271.0,0.033711915362485745,0.008346460407627128,0.49382716049382713,0.014025671401658764,-0.2878688817142063,-0.0692031535068374,3.701739824967791,-0.15891005305296235,4,130.31837046791173,3.6403777713108383,True,0.25795760537041723,0.38461538461538464,3.113496152993896,0.28844725649442693,0,False,False,mixed_control
0.008693032952580827,1.0,0.0,0.33882130997248056,0.7488559960547418,0.7550148094430378,0.0,0.21534389524969902,0.6636639123656303,0.6145411826412863,0.6622864622954442,2.550618568998652,0.0,-43.087671254837815,0.1482816709285049,0.08208014325508539,0.958743127516783,0.3695559920843241,0.3854588173587137,0.3695559920843241,1.0,0.7947946016361758,0.004308767125483781,0.8790078076153293,0.7947946016355758,0.003610182426733006,1.2523642187953925,-0.001367409861093849,0.030802395775145763,0.002570487413880551,0.05747225882781315,0.002643608852556767,0.009967886570423357,0.0,0.38545881735871373,1.0,0.4467882289220614,0.6355677429694695,0.2449851905569622,0.5838897166916055,True,2018-02-08 15:00:00+00:00,2018-02-08 16:30:00+00:00,137.8080615854624,138.61961607469286,0.005289020423722968,0.005889020423722968,4,ambiguous_stop_first,0.026469760547657817,-0.0031442192341820663,False,False,AAPL,2018-02-08 14:30:00+00:00,287,0.004406608031587321,137.5,14.0,0.5404627204774177,0.2721842053287275,1612.0,237.0,0.03413055007025975,0.002529338442619608,0.48148148148148145,0.01476665134313887,-0.29284399444764997,-0.08108183558826945,3.8991559722102362,0.012653559104196521,4,137.8080615854624,3.8337322765006974,True,0.2579153200543911,0.38461538461538464,3.9484941727610794,0.25415909523651864,1,False,False,mixed_control
0.011861888028579974,0.5680647467311559,0.8229838658936564,0.5226157689039657,8.062096342073113,0.604277197026624,0.0,0.5516942983246873,0.7809907122398616,0.5956356624914501,0.0829835347521596,0.09304749753070664,0.0,0.0,0.05931486257206226,0.15545867363030316,0.4943879590116432,0.19991285951807397,0.40436433750854994,0.19991285951807397,0.0,0.2926713748177848,0.0,1.2924378349584682,3.416801525676084,0.005944145070043203,1.3514352435913697,0.006237879656990186,0.01451769331086683,0.007017038182286717,0.031593493118131644,0.006594281476121289,0.0025558746730083293,0.0,0.40436433750854994,0.04228024740819258,1.0693361705575237,0.9786293356415438,0.3957228029733761,0.9150764085516638,True,2018-02-09 16:00:00+00:00,2018-02-09 17:00:00+00:00,254.46801352625343,250.39307756379358,-0.01661354883858297,-0.01601354883858297,3,stop,0.007823110893681484,-0.02182632368260684,False,False,NVDA,2018-02-09 15:30:00+00:00,288,0.0011351271597328173,,,,,,,,,,,,,,,4,,,,,,,,0,False,False,mixed_control
0.01168775449497163,-0.3546048870425359,-0.9350162426854147,0.37696072932815083,0.5693118504592587,0.6698328543825979,0.0,0.33217534284735756,1.8107723413738495,0.6253182221615949,0.2519072975528481,0.1387761105786326,0.0,0.0,0.1099836363207496,0.1294634432351661,0.7877380059598856,0.29515107654419287,0.37468177783840506,0.29515107654419287,0.0,0.5196670073771017,0.0,1.0060823654219144,0.6397109988558652,0.005529611338324149,1.2121394773333292,0.004425321648991343,0.029623485574716835,0.012293990654159037,-0.00014843608664627528,0.00826423167630086,0.008852720005924075,0.0,0.37468177783840506,1.0,1.3913571756575445,0.8811934957763131,0.33016714561740207,0.45138198083991365,True,2018-02-12 19:30:00+00:00,2018-02-12 20:00:00+00:00,254.91201593130378,250.88989470027224,-0.016378468568211634,-0.015778468568211634,2,stop,0.006465153449046079,-0.020845658176313453,False,False,NVDA,2018-02-12 19:00:00+00:00,289,0.0019094674332650913,,,,,,,,,,,,,,,4,,,,,,,,0,False,False,mixed_control
0.010727184263020915,-0.9709418174260521,-0.23931566428755743,0.9260860026563851,5.8136551776205145,0.6350735375262819,0.0,0.7742545878601808,1.3474183174472618,0.5635114157607674,0.012831709009826029,-0.049724618837841975,0.0,0.0,0.05427238784414078,0.1258552750994848,0.4549602451415524,0.1985849532870493,0.43648858423923265,0.1985849532870493,0.0,0.27907011175643015,0.0,2.1216729053074426,3.5833289122418437,0.005482419414197533,1.0854529722120279,0.010033975670175499,0.006399213711978602,0.011780239939541692,0.023384707159767926,0.009628611573246904,0.003391422830354207,0.0,0.43648858423923265,0.6268077785928904,0.9060710619005521,0.8360504160941871,0.364926462473718,0.20312182445283866,True,2018-02-13 18:30:00+00:00,2018-02-14 17:00:00+00:00,253.42761566056274,252.54200122499248,-0.004094545901250312,-0.003494545901250312,11,momentum_decay,0.01077182419581546,-0.011888257425029858,False,False,NVDA,2018-02-13 18:00:00+00:00,290,0.0014334220477888338,,,,,,,,,,,,,,,4,,,,,,,,0,False,False,mixed_control
0.008136331202980353,0.5680647467311559,0.8229838658936564,0.46412439448202236,0.6623752387336502,0.7328031893614678,0.0,0.30537073984477275,1.7557115463678628,0.5938950863197474,0.5202366258838428,1.0817879145495943,0.0,0.0,0.11670364651318099,0.08769831108776927,0.8044676749167377,0.32669827568121523,0.4061049136802526,0.32669827568121523,0.0,0.3374124979627488,0.0,1.142868206828572,0.708250806311349,0.003960542971259314,1.5505311167729807,0.0037905840609753216,0.005507303512820805,0.009568053307332125,0.02294851190779812,0.01811920115976484,0.016086206798188396,0.0,0.40610491368025264,0.8516734083144142,2.422593886314075,0.6579502035979288,0.2671968106385322,1.5627104419092182,True,2018-02-21 16:00:00+00:00,2018-02-21 20:00:00+00:00,144.20700757586627,146.72963692303637,0.016893112086407914,0.017493112086407914,9,target,0.01896417798312533,-0.007015401033880209,False,False,AAPL,2018-02-21 15:30:00+00:00,296,0.000861802829566996,,,,,,,,,,,,,,,4,,,,,,,,1,False,False,mixed_control
0.007224640146028279,1.0,0.0,0.2041621083539562,0.9658223540833477,0.7320711587584324,0.0,0.17453554470102073,0.4768894526685516,0.6865915352061182,0.8761147647840194,2.0525793268405312,0.0,30.538128856623104,0.22381234062080166,0.11374023666939345,1.3358372251941797,0.4186626939645505,0.31340846479388185,0.4186626939645505,1.0,0.023798621322337885,0.0030538128856623104,0.6514249973695723,0.9799545786752714,0.0027824723784100774,1.633892384889862,0.004535500503076051,0.033029153138579126,0.006078946573639499,0.022826715513510232,0.009853535188154128,0.016354702528423415,0.0,0.31340846479388185,1.0,1.3381250216942693,0.8548870606176648,0.2679288412415676,1.9316469023988971,True,2018-02-22 15:00:00+00:00,2018-02-22 15:30:00+00:00,147.55819820637333,149.85021620404368,0.014932976313960889,0.015532976313960889,2,target,0.01730343822586744,-0.0044157800415230986,False,False,AAPL,2018-02-22 14:30:00+00:00,297,0.00132400140578285,,,,,,,,,,,,,,,4,,,,,,,,1,False,False,mixed_control
0.006996147507452889,-0.3546048870425359,-0.9350162426854147,0.0528565694094615,0.25149031519754017,0.5636821359380655,0.0,0.1558428627815551,3.9532847112393927,0.8520159020775689,1.0007997092616787,3.0723615908046162,0.0,0.0,0.4497007818016647,0.48927354656907757,2.8090723519907583,0.41569803801563443,0.14798409792243106,0.41569803801563443,0.0,0.45524750463595326,0.0,0.3571773599428729,0.5320711812907731,0.0029569130654397437,1.1486788088333222,0.00036992915329969733,0.03399215402043332,0.0018435888856138671,0.06536327102407391,0.006033442216657248,0.02016104822316711,0.0,0.14798409792243103,1.0,0.34549305242705736,2.9484104723389284,0.43631786406193457,0.5093703325535563,True,2018-02-22 19:30:00+00:00,2018-02-23 14:30:00+00:00,151.0852949367105,154.05414324853626,0.019050147375821048,0.019650147375821048,4,gap_through_target,0.019650147375821048,-0.004959340554435143,False,True,AAPL,2018-02-22 19:00:00+00:00,297,0.0012125933650650438,,,,,,,,,,,,,,,4,,,,,,,,2,False,False,mixed_control
0.006892088893458224,0.120536680255323,0.992708874098054,0.36494861963399194,1.3314204274608528,0.7138136045544781,0.0,0.2816534387298097,1.2582366854142857,0.6291778632390015,1.0632910646768272,2.7718158629435994,0.0,0.0,0.13846967248718023,0.10634241569041811,0.9249487390060286,0.3429914677934796,0.3708221367609984,0.3429914677934796,0.0,0.48033875681867816,0.0,0.9841608238971125,1.2268422119879157,0.004094651347644632,1.1858130255973671,0.0025216008054884664,0.021907725643175002,0.004423897071687,0.04703541755792928,0.02044648607045274,0.024447530282880825,0.0,0.37082213676099846,1.0,0.87318769876031,0.771761896267929,0.28618639544552193,0.5233881050175343,True,2018-02-26 16:30:00+00:00,2018-02-26 17:30:00+00:00,156.1859750152916,156.8956934215782,0.003944059773722298,0.004544059773722298,3,stop,0.013661282130991825,-0.007707652578564983,False,False,AAPL,2018-02-26 16:00:00+00:00,299,0.002129350290444019,,,,,,,,,,,,,,,4,,,,,,,,1,False,False,mixed_control
