hold,feature_set,fold,model_kind,threshold_bps,train_candidates,calibration_candidates,test_candidates,selected_trades,selected_expectancy_bps,selected_win_rate,portfolio_return,max_drawdown,test_mae_bps,test_r2,gap_stop_count,symbol_counts
1_session,baseline,1,ridge,5.0,784,197,364,172,24.910596479882877,0.4186046511627907,0.49294671212304264,0.08759120994692181,138.0535649115191,-0.010060726002524278,7,"{""MSFT"": 60, ""TSLA"": 59, ""AAPL"": 53}"
1_session,baseline,2,ridge,5.0,1076,269,372,151,14.315746366762113,0.3576158940397351,0.19868619035308055,0.2011087385245564,174.7288305653051,-0.06834551817401868,1,"{""TSLA"": 55, ""AAPL"": 50, ""MSFT"": 46}"
1_session,baseline,3,ridge,5.0,1373,344,365,93,72.59657990099228,0.5483870967741935,0.9334883099121589,0.042723371498474744,126.33214774176422,-0.03137390606826407,4,"{""TSLA"": 34, ""AAPL"": 32, ""MSFT"": 27}"
1_session,baseline,4,ridge,5.0,1665,417,364,136,53.03632043642644,0.5367647058823529,1.0130700823043046,0.09879123584325879,111.86938383470304,0.0781560615040835,5,"{""TSLA"": 52, ""MSFT"": 42, ""AAPL"": 42}"
1_session,baseline,1,ridge,10.0,784,197,364,172,24.910596479882877,0.4186046511627907,0.49294671212304264,0.08759120994692181,138.0535649115191,-0.010060726002524278,7,"{""MSFT"": 60, ""TSLA"": 59, ""AAPL"": 53}"
1_session,baseline,2,ridge,10.0,1076,269,372,145,12.789682320920218,0.35172413793103446,0.1643503826110133,0.20110873852455624,174.7288305653051,-0.06834551817401868,1,"{""TSLA"": 53, ""AAPL"": 49, ""MSFT"": 43}"
1_session,baseline,3,ridge,10.0,1373,344,365,54,127.58355210894618,0.7037037037037037,0.9686614068186079,0.02114518681036966,126.33214774176422,-0.03137390606826407,4,"{""TSLA"": 21, ""MSFT"": 17, ""AAPL"": 16}"
1_session,baseline,4,ridge,10.0,1665,417,364,127,61.524599573568665,0.5511811023622047,1.1489833729703154,0.05206110572001433,111.86938383470304,0.0781560615040835,4,"{""TSLA"": 46, ""MSFT"": 41, ""AAPL"": 40}"
1_session,baseline,1,ridge,15.0,784,197,364,171,26.14490561978697,0.42105263157894735,0.5212660326129301,0.08759120994692181,138.0535649115191,-0.010060726002524278,7,"{""MSFT"": 60, ""TSLA"": 58, ""AAPL"": 53}"
1_session,baseline,2,ridge,15.0,1076,269,372,135,15.933992714706191,0.35555555555555557,0.20160019314419775,0.2148069090585028,174.7288305653051,-0.06834551817401868,1,"{""TSLA"": 52, ""MSFT"": 42, ""AAPL"": 41}"
1_session,baseline,3,ridge,15.0,1373,344,365,19,126.82877112795255,0.631578947368421,0.2666560269425484,0.021145186810369736,126.33214774176422,-0.03137390606826407,2,"{""TSLA"": 11, ""AAPL"": 7, ""MSFT"": 1}"
1_session,baseline,4,ridge,15.0,1665,417,364,120,65.22755420351046,0.5583333333333333,1.1546651943743726,0.04731668627364406,111.86938383470304,0.0781560615040835,4,"{""TSLA"": 42, ""MSFT"": 41, ""AAPL"": 37}"
1_session,baseline,1,tree,5.0,784,197,364,164,12.643010129192604,0.3780487804878049,0.2015944311529454,0.10718765566687978,139.77685617998756,-0.04442636711029091,8,"{""MSFT"": 62, ""AAPL"": 54, ""TSLA"": 48}"
1_session,baseline,2,tree,5.0,1076,269,372,146,9.572006887335828,0.3424657534246575,0.11891876663295897,0.23499074550408344,167.3926387719036,-0.01174969283250804,2,"{""MSFT"": 58, ""AAPL"": 46, ""TSLA"": 42}"
1_session,baseline,3,tree,5.0,1373,344,365,147,7.798806615457293,0.35374149659863946,0.10420123160378214,0.10580886911490406,130.80594235207312,-0.08100961981357524,7,"{""MSFT"": 55, ""AAPL"": 53, ""TSLA"": 39}"
1_session,baseline,4,tree,5.0,1665,417,364,150,52.08193555287395,0.5466666666666666,1.146186190624399,0.05355061125743387,116.30088497548118,0.02577227565499729,3,"{""AAPL"": 53, ""TSLA"": 49, ""MSFT"": 48}"
1_session,baseline,1,tree,10.0,784,197,364,155,15.413225081080855,0.3870967741935484,0.24258907067004754,0.10843351252658771,139.77685617998756,-0.04442636711029091,7,"{""MSFT"": 58, ""AAPL"": 51, ""TSLA"": 46}"
1_session,baseline,2,tree,10.0,1076,269,372,136,7.576379443291052,0.3382352941176471,0.08078171618383712,0.23113673353724734,167.3926387719036,-0.01174969283250804,2,"{""MSFT"": 54, ""AAPL"": 42, ""TSLA"": 40}"
1_session,baseline,3,tree,10.0,1373,344,365,89,2.7725939383709988,0.30337078651685395,0.014859997993749152,0.1429119103324213,130.80594235207312,-0.08100961981357524,2,"{""TSLA"": 38, ""MSFT"": 27, ""AAPL"": 24}"
1_session,baseline,4,tree,10.0,1665,417,364,144,50.78945971641495,0.5486111111111112,1.0439369014236632,0.05355061125743387,116.30088497548118,0.02577227565499729,2,"{""AAPL"": 53, ""MSFT"": 47, ""TSLA"": 44}"
1_session,baseline,1,tree,15.0,784,197,364,150,16.761242916257405,0.4,0.2593271032949056,0.09951794205778744,139.77685617998756,-0.04442636711029091,7,"{""MSFT"": 56, ""AAPL"": 49, ""TSLA"": 45}"
1_session,baseline,2,tree,15.0,1076,269,372,124,1.4896985402743432,0.3387096774193548,-0.005934467185404468,0.27615938081727703,167.3926387719036,-0.01174969283250804,2,"{""MSFT"": 48, ""TSLA"": 38, ""AAPL"": 38}"
1_session,baseline,3,tree,15.0,1373,344,365,33,13.906459094052776,0.2727272727272727,0.04249083668366627,0.1058068087328221,130.80594235207312,-0.08100961981357524,2,"{""TSLA"": 16, ""MSFT"": 9, ""AAPL"": 8}"
1_session,baseline,4,tree,15.0,1665,417,364,140,39.09037461040196,0.5071428571428571,0.703489927653504,0.06701864353100785,116.30088497548118,0.02577227565499729,2,"{""AAPL"": 50, ""MSFT"": 46, ""TSLA"": 44}"
1_session,geometry,1,ridge,5.0,784,197,364,173,26.381383547982995,0.4161849710982659,0.536445516313397,0.09796543910447962,137.32229855355777,-0.00466677012916028,6,"{""MSFT"": 61, ""TSLA"": 57, ""AAPL"": 55}"
1_session,geometry,2,ridge,5.0,1076,269,372,145,12.784394301969236,0.3586206896551724,0.164135905536253,0.2011087385245565,171.67439533052183,-0.03972988542744904,1,"{""TSLA"": 51, ""MSFT"": 48, ""AAPL"": 46}"
1_session,geometry,3,ridge,5.0,1373,344,365,109,79.67286627125809,0.5596330275229358,1.335443974172506,0.07099860736314409,125.44443664230545,-0.010890286865431476,3,"{""TSLA"": 40, ""AAPL"": 36, ""MSFT"": 33}"
1_session,geometry,4,ridge,5.0,1665,417,364,146,60.60774767023896,0.547945205479452,1.377838137687835,0.05493543702653955,111.3267073043537,0.09086582186699677,5,"{""TSLA"": 55, ""MSFT"": 47, ""AAPL"": 44}"
1_session,geometry,1,ridge,10.0,784,197,364,172,27.617067559562656,0.4186046511627907,0.5655899543823575,0.09796543910447962,137.32229855355777,-0.00466677012916028,6,"{""MSFT"": 61, ""TSLA"": 56, ""AAPL"": 55}"
1_session,geometry,2,ridge,10.0,1076,269,372,134,8.812345492576473,0.34328358208955223,0.09006486882048215,0.19618863940371137,171.67439533052183,-0.03972988542744904,1,"{""TSLA"": 50, ""AAPL"": 43, ""MSFT"": 41}"
1_session,geometry,3,ridge,10.0,1373,344,365,78,93.7951957601981,0.6282051282051282,1.0503291815138756,0.02598355143959741,125.44443664230545,-0.010890286865431476,4,"{""TSLA"": 28, ""AAPL"": 26, ""MSFT"": 24}"
1_session,geometry,4,ridge,10.0,1665,417,364,139,64.47692122732454,0.5683453237410072,1.4062754276179183,0.048167636959560584,111.3267073043537,0.09086582186699677,4,"{""TSLA"": 54, ""MSFT"": 45, ""AAPL"": 40}"
1_session,geometry,1,ridge,15.0,784,197,364,171,28.540820380763577,0.42105263157894735,0.586218219148618,0.08894518900989849,137.32229855355777,-0.00466677012916028,6,"{""MSFT"": 60, ""TSLA"": 56, ""AAPL"": 55}"
1_session,geometry,2,ridge,15.0,1076,269,372,125,9.024706427985615,0.336,0.08573589053761066,0.1902206119050767,171.67439533052183,-0.03972988542744904,1,"{""TSLA"": 49, ""AAPL"": 39, ""MSFT"": 37}"
1_session,geometry,3,ridge,15.0,1373,344,365,51,115.31962825056404,0.6666666666666666,0.7811372370229666,0.02434374116217529,125.44443664230545,-0.010890286865431476,3,"{""TSLA"": 18, ""AAPL"": 18, ""MSFT"": 15}"
1_session,geometry,4,ridge,15.0,1665,417,364,128,70.26180038253385,0.5859375,1.41517696163849,0.04530324040470671,111.3267073043537,0.09086582186699677,4,"{""TSLA"": 50, ""MSFT"": 42, ""AAPL"": 36}"
1_session,geometry,1,tree,5.0,784,197,364,158,17.52271534618894,0.41139240506329117,0.28827521746413276,0.09978470843549779,138.98691045847892,-0.05156925778271537,7,"{""MSFT"": 59, ""AAPL"": 52, ""TSLA"": 47}"
1_session,geometry,2,tree,5.0,1076,269,372,164,9.957114976047672,0.3353658536585366,0.13767009983534706,0.22108979258609335,166.8017891466932,-0.0029141326002883883,2,"{""MSFT"": 59, ""TSLA"": 53, ""AAPL"": 52}"
1_session,geometry,3,tree,5.0,1373,344,365,171,32.40547216776487,0.40350877192982454,0.6997426023165418,0.08460747771562104,128.78760270596865,-0.051069727315604885,8,"{""TSLA"": 58, ""AAPL"": 57, ""MSFT"": 56}"
1_session,geometry,4,tree,5.0,1665,417,364,133,59.246275095784384,0.5639097744360902,1.1637487476602524,0.05185033682090273,113.5000214088846,0.04623004184263646,2,"{""MSFT"": 45, ""TSLA"": 45, ""AAPL"": 43}"
1_session,geometry,1,tree,10.0,784,197,364,150,16.20404501461876,0.41333333333333333,0.24773109646611546,0.09351409940111488,138.98691045847892,-0.05156925778271537,6,"{""MSFT"": 57, ""AAPL"": 50, ""TSLA"": 43}"
1_session,geometry,2,tree,10.0,1076,269,372,153,8.32048243438465,0.33986928104575165,0.10172119273347602,0.2126231709265746,166.8017891466932,-0.0029141326002883883,2,"{""MSFT"": 58, ""TSLA"": 49, ""AAPL"": 46}"
1_session,geometry,3,tree,10.0,1373,344,365,3,37.476836034027265,0.3333333333333333,0.01123357829644811,0.0007998400000001071,128.78760270596865,-0.051069727315604885,0,"{""TSLA"": 3}"
1_session,geometry,4,tree,10.0,1665,417,364,128,54.96796272054846,0.5546875,0.991103539039685,0.06792617038110559,113.5000214088846,0.04623004184263646,2,"{""MSFT"": 43, ""TSLA"": 43, ""AAPL"": 42}"
1_session,geometry,1,tree,15.0,784,197,364,147,15.260922868784695,0.40816326530612246,0.22488287250687744,0.09389957749696151,138.98691045847892,-0.05156925778271537,6,"{""MSFT"": 55, ""AAPL"": 49, ""TSLA"": 43}"
1_session,geometry,2,tree,15.0,1076,269,372,139,0.1456272220859113,0.33093525179856115,-0.02456633470905123,0.22076938284497688,166.8017891466932,-0.0029141326002883883,2,"{""MSFT"": 52, ""TSLA"": 44, ""AAPL"": 43}"
1_session,geometry,3,tree,15.0,1373,344,365,0,,,0.0,0.0,128.78760270596865,-0.051069727315604885,0,{}
1_session,geometry,4,tree,15.0,1665,417,364,123,45.727862790015514,0.5365853658536586,0.7320452382475633,0.06792617038110557,113.5000214088846,0.04623004184263646,3,"{""MSFT"": 42, ""AAPL"": 41, ""TSLA"": 40}"
2_sessions,baseline,1,ridge,5.0,784,197,364,172,24.806459997097907,0.4186046511627907,0.49032666086798193,0.08759120994692189,137.8187259673209,-0.009153648559075744,7,"{""MSFT"": 60, ""TSLA"": 59, ""AAPL"": 53}"
2_sessions,baseline,2,ridge,5.0,1076,269,372,152,12.585777470451069,0.34210526315789475,0.1690963201227238,0.20110873852455627,175.22149325731422,-0.06568034610068274,1,"{""TSLA"": 55, ""AAPL"": 51, ""MSFT"": 46}"
2_sessions,baseline,3,ridge,5.0,1373,344,365,94,73.0922438232254,0.5531914893617021,0.9560979139348609,0.042723371498474744,126.6600784190698,-0.029551960651893916,4,"{""TSLA"": 35, ""AAPL"": 32, ""MSFT"": 27}"
2_sessions,baseline,4,ridge,5.0,1665,417,364,135,62.693042737417905,0.5481481481481482,1.2885771059562026,0.052061105720014385,112.62857050714078,0.07461227727261865,4,"{""TSLA"": 52, ""MSFT"": 42, ""AAPL"": 41}"
2_sessions,baseline,1,ridge,10.0,784,197,364,172,24.806459997097907,0.4186046511627907,0.49032666086798193,0.08759120994692189,137.8187259673209,-0.009153648559075744,7,"{""MSFT"": 60, ""TSLA"": 59, ""AAPL"": 53}"
2_sessions,baseline,2,ridge,10.0,1076,269,372,144,12.356025618292598,0.3402777777777778,0.15563943635840527,0.20110873852455607,175.22149325731422,-0.06568034610068274,1,"{""TSLA"": 53, ""AAPL"": 48, ""MSFT"": 43}"
2_sessions,baseline,3,ridge,10.0,1373,344,365,56,131.33194479648043,0.6964285714285714,1.060852617100676,0.025156716047134656,126.6600784190698,-0.029551960651893916,4,"{""TSLA"": 22, ""MSFT"": 17, ""AAPL"": 17}"
2_sessions,baseline,4,ridge,10.0,1665,417,364,126,62.16261811580456,0.5555555555555556,1.1529972636250743,0.05206110572001433,112.62857050714078,0.07461227727261865,4,"{""TSLA"": 46, ""MSFT"": 41, ""AAPL"": 39}"
2_sessions,baseline,1,ridge,15.0,784,197,364,171,26.040160151722564,0.42105263157894735,0.518596282282483,0.08759120994692189,137.8187259673209,-0.009153648559075744,7,"{""MSFT"": 60, ""TSLA"": 58, ""AAPL"": 53}"
2_sessions,baseline,2,ridge,15.0,1076,269,372,134,11.228142702559394,0.3358208955223881,0.12601803261730615,0.2109719456036543,175.22149325731422,-0.06568034610068274,1,"{""TSLA"": 53, ""AAPL"": 41, ""MSFT"": 40}"
2_sessions,baseline,3,ridge,15.0,1373,344,365,23,145.39171274939224,0.6956521739130435,0.38796927936299674,0.021145186810369736,126.6600784190698,-0.029551960651893916,2,"{""TSLA"": 14, ""AAPL"": 7, ""MSFT"": 2}"
2_sessions,baseline,4,ridge,15.0,1665,417,364,121,67.96616851030923,0.5619834710743802,1.2399976794678031,0.046554082090663064,112.62857050714078,0.07461227727261865,4,"{""TSLA"": 43, ""MSFT"": 41, ""AAPL"": 37}"
2_sessions,baseline,1,tree,5.0,784,197,364,158,17.90782598262538,0.3924050632911392,0.2959103493776165,0.10296808394729336,139.21978397851356,-0.04122718791018687,8,"{""MSFT"": 58, ""AAPL"": 53, ""TSLA"": 47}"
2_sessions,baseline,2,tree,5.0,1076,269,372,152,6.264309421530035,0.3157894736842105,0.06774353899462615,0.2213777965008515,167.33079687155043,-0.004055132579238618,2,"{""MSFT"": 61, ""AAPL"": 49, ""TSLA"": 42}"
2_sessions,baseline,3,tree,5.0,1373,344,365,157,15.750088981736242,0.37579617834394907,0.25782466463565656,0.08099597509490264,130.3356428091864,-0.06649424134690629,8,"{""AAPL"": 58, ""MSFT"": 57, ""TSLA"": 42}"
2_sessions,baseline,4,tree,5.0,1665,417,364,144,47.590497924010734,0.5486111111111112,0.9535513369488895,0.05355061125743397,116.93313440570377,0.022430355959737414,2,"{""AAPL"": 53, ""MSFT"": 46, ""TSLA"": 45}"
2_sessions,baseline,1,tree,10.0,784,197,364,151,19.347464124357554,0.3973509933774834,0.3099937444630021,0.10109824571291046,139.21978397851356,-0.04122718791018687,7,"{""MSFT"": 53, ""AAPL"": 52, ""TSLA"": 46}"
2_sessions,baseline,2,tree,10.0,1076,269,372,139,13.289205890870365,0.34532374100719426,0.16834346677969259,0.2222701124969104,167.33079687155043,-0.004055132579238618,2,"{""MSFT"": 55, ""TSLA"": 42, ""AAPL"": 42}"
2_sessions,baseline,3,tree,10.0,1373,344,365,83,4.316725837135393,0.30120481927710846,0.026466447173857377,0.11197569662389861,130.3356428091864,-0.06649424134690629,2,"{""TSLA"": 33, ""MSFT"": 29, ""AAPL"": 21}"
2_sessions,baseline,4,tree,10.0,1665,417,364,140,41.2678591655773,0.5357142857142857,0.7568536530229817,0.053550611257433774,116.93313440570377,0.022430355959737414,2,"{""AAPL"": 51, ""MSFT"": 47, ""TSLA"": 42}"
2_sessions,baseline,1,tree,15.0,784,197,364,146,19.467559635588128,0.410958904109589,0.3006206324602829,0.09363531389698072,139.21978397851356,-0.04122718791018687,7,"{""MSFT"": 52, ""AAPL"": 50, ""TSLA"": 44}"
2_sessions,baseline,2,tree,15.0,1076,269,372,126,0.7906764218214395,0.31746031746031744,-0.016406777863211208,0.2725999747909575,167.33079687155043,-0.004055132579238618,2,"{""MSFT"": 50, ""TSLA"": 39, ""AAPL"": 37}"
2_sessions,baseline,3,tree,15.0,1373,344,365,10,30.952887454139933,0.4,0.030064683836239503,0.0420367740144,130.3356428091864,-0.06649424134690629,1,"{""TSLA"": 9, ""AAPL"": 1}"
2_sessions,baseline,4,tree,15.0,1665,417,364,136,40.55742137464922,0.5220588235294118,0.7119911935477523,0.05355061125743387,116.93313440570377,0.022430355959737414,2,"{""AAPL"": 49, ""MSFT"": 46, ""TSLA"": 41}"
2_sessions,geometry,1,ridge,5.0,784,197,364,172,27.512931076777694,0.4186046511627907,0.5628424176540996,0.09796543910447933,137.12615605016472,-0.004209127802213386,6,"{""MSFT"": 61, ""TSLA"": 56, ""AAPL"": 55}"
2_sessions,geometry,2,ridge,5.0,1076,269,372,145,12.23793742266374,0.3448275862068966,0.1549643932423337,0.20110873852455624,172.03969133510677,-0.03694260980684794,1,"{""TSLA"": 51, ""MSFT"": 48, ""AAPL"": 46}"
2_sessions,geometry,3,ridge,5.0,1373,344,365,110,80.41259896842051,0.5636363636363636,1.3726109981972363,0.07099860736314391,125.78003161074696,-0.008163870144742846,3,"{""TSLA"": 40, ""AAPL"": 37, ""MSFT"": 33}"
2_sessions,geometry,4,ridge,5.0,1665,417,364,147,59.63186740708033,0.54421768707483,1.3580580630013945,0.054935437026539115,112.10225046448741,0.08743601411977986,5,"{""TSLA"": 55, ""MSFT"": 47, ""AAPL"": 45}"
2_sessions,geometry,1,ridge,10.0,784,197,364,172,27.512931076777694,0.4186046511627907,0.5628424176540996,0.09796543910447933,137.12615605016472,-0.004209127802213386,6,"{""MSFT"": 61, ""TSLA"": 56, ""AAPL"": 55}"
2_sessions,geometry,2,ridge,10.0,1076,269,372,134,9.543970890763989,0.3358208955223881,0.1007842523531659,0.18607953679371905,172.03969133510677,-0.03694260980684794,1,"{""TSLA"": 50, ""AAPL"": 43, ""MSFT"": 41}"
2_sessions,geometry,3,ridge,10.0,1373,344,365,81,95.98007350171916,0.6296296296296297,1.1454253716466511,0.025983551439597456,125.78003161074696,-0.008163870144742846,4,"{""TSLA"": 29, ""AAPL"": 27, ""MSFT"": 25}"
2_sessions,geometry,4,ridge,10.0,1665,417,364,140,63.001805317091005,0.5642857142857143,1.3721333197127623,0.054935437026539115,112.10225046448741,0.08743601411977986,4,"{""TSLA"": 54, ""MSFT"": 46, ""AAPL"": 40}"
2_sessions,geometry,1,ridge,15.0,784,197,364,171,28.43607491269917,0.42105263157894735,0.5834344807860017,0.08894518900989826,137.12615605016472,-0.004209127802213386,6,"{""MSFT"": 60, ""TSLA"": 56, ""AAPL"": 55}"
2_sessions,geometry,2,ridge,15.0,1076,269,372,126,7.470371365505359,0.3253968253968254,0.06550577479256403,0.1902206119050766,172.03969133510677,-0.03694260980684794,1,"{""TSLA"": 49, ""AAPL"": 40, ""MSFT"": 37}"
2_sessions,geometry,3,ridge,15.0,1373,344,365,58,115.85436583285917,0.6724137931034483,0.9346161566074953,0.02434374116217529,125.78003161074696,-0.008163870144742846,3,"{""TSLA"": 22, ""AAPL"": 21, ""MSFT"": 15}"
2_sessions,geometry,4,ridge,15.0,1665,417,364,129,68.99542898890456,0.5813953488372093,1.3926062588371728,0.04530324040470711,112.10225046448741,0.08743601411977986,4,"{""TSLA"": 51, ""MSFT"": 42, ""AAPL"": 36}"
2_sessions,geometry,1,tree,5.0,784,197,364,155,17.26394544656737,0.4,0.27755591164288873,0.1030795515347841,139.70949774991576,-0.06163698834521236,6,"{""MSFT"": 59, ""AAPL"": 51, ""TSLA"": 45}"
2_sessions,geometry,2,tree,5.0,1076,269,372,165,6.881845661289664,0.3151515151515151,0.08416822333913987,0.24486559717052972,167.250098369661,-0.002551048085161378,2,"{""MSFT"": 62, ""TSLA"": 52, ""AAPL"": 51}"
2_sessions,geometry,3,tree,5.0,1373,344,365,171,32.61661045589153,0.40350877192982454,0.7054247718999296,0.08460747771562133,129.07568659189542,-0.04706854062501997,8,"{""TSLA"": 58, ""AAPL"": 58, ""MSFT"": 55}"
2_sessions,geometry,4,tree,5.0,1665,417,364,139,54.299544991838694,0.5683453237410072,1.0817872795353227,0.10351454280522099,113.75254862585818,0.05042970622533194,4,"{""TSLA"": 48, ""MSFT"": 47, ""AAPL"": 44}"
2_sessions,geometry,1,tree,10.0,784,197,364,147,15.652300530791775,0.3945578231292517,0.23128695421750067,0.10407907576477822,139.70949774991576,-0.06163698834521236,6,"{""MSFT"": 52, ""AAPL"": 50, ""TSLA"": 45}"
2_sessions,geometry,2,tree,10.0,1076,269,372,159,2.176895163998854,0.3081761006289308,0.00448509257150409,0.28550165548173523,167.250098369661,-0.002551048085161378,2,"{""MSFT"": 60, ""AAPL"": 50, ""TSLA"": 49}"
2_sessions,geometry,3,tree,10.0,1373,344,365,0,,,0.0,0.0,129.07568659189542,-0.04706854062501997,0,{}
2_sessions,geometry,4,tree,10.0,1665,417,364,131,62.06470878979367,0.5725190839694656,1.2161902987107926,0.06020437208314984,113.75254862585818,0.05042970622533194,3,"{""MSFT"": 46, ""TSLA"": 46, ""AAPL"": 39}"
2_sessions,geometry,1,tree,15.0,784,197,364,144,16.773433663308968,0.4027777777777778,0.24559721960209968,0.10777661549443587,139.70949774991576,-0.06163698834521236,6,"{""MSFT"": 50, ""AAPL"": 49, ""TSLA"": 45}"
2_sessions,geometry,2,tree,15.0,1076,269,372,144,-0.8169485341950213,0.3125,-0.03729511916265138,0.23744825652034013,167.250098369661,-0.002551048085161378,2,"{""MSFT"": 56, ""TSLA"": 45, ""AAPL"": 43}"
2_sessions,geometry,3,tree,15.0,1373,344,365,0,,,0.0,0.0,129.07568659189542,-0.04706854062501997,0,{}
2_sessions,geometry,4,tree,15.0,1665,417,364,120,63.88682243549177,0.5833333333333334,1.118203714875758,0.06020437208314987,113.75254862585818,0.05042970622533194,2,"{""MSFT"": 44, ""TSLA"": 42, ""AAPL"": 34}"
5_sessions,baseline,1,ridge,5.0,784,197,364,172,24.806459997097907,0.4186046511627907,0.49032666086798193,0.08759120994692189,137.8187259673209,-0.009153648559075744,7,"{""MSFT"": 60, ""TSLA"": 59, ""AAPL"": 53}"
5_sessions,baseline,2,ridge,5.0,1076,269,372,152,12.585777470451069,0.34210526315789475,0.1690963201227238,0.20110873852455627,175.22149325731422,-0.06568034610068274,1,"{""TSLA"": 55, ""AAPL"": 51, ""MSFT"": 46}"
5_sessions,baseline,3,ridge,5.0,1373,344,365,94,73.0922438232254,0.5531914893617021,0.9560979139348609,0.042723371498474744,126.6600784190698,-0.029551960651893916,4,"{""TSLA"": 35, ""AAPL"": 32, ""MSFT"": 27}"
5_sessions,baseline,4,ridge,5.0,1665,417,364,135,62.693042737417905,0.5481481481481482,1.2885771059562026,0.052061105720014385,112.62857050714078,0.07461227727261865,4,"{""TSLA"": 52, ""MSFT"": 42, ""AAPL"": 41}"
5_sessions,baseline,1,ridge,10.0,784,197,364,172,24.806459997097907,0.4186046511627907,0.49032666086798193,0.08759120994692189,137.8187259673209,-0.009153648559075744,7,"{""MSFT"": 60, ""TSLA"": 59, ""AAPL"": 53}"
5_sessions,baseline,2,ridge,10.0,1076,269,372,144,12.356025618292598,0.3402777777777778,0.15563943635840527,0.20110873852455607,175.22149325731422,-0.06568034610068274,1,"{""TSLA"": 53, ""AAPL"": 48, ""MSFT"": 43}"
5_sessions,baseline,3,ridge,10.0,1373,344,365,56,131.33194479648043,0.6964285714285714,1.060852617100676,0.025156716047134656,126.6600784190698,-0.029551960651893916,4,"{""TSLA"": 22, ""MSFT"": 17, ""AAPL"": 17}"
5_sessions,baseline,4,ridge,10.0,1665,417,364,126,62.16261811580456,0.5555555555555556,1.1529972636250743,0.05206110572001433,112.62857050714078,0.07461227727261865,4,"{""TSLA"": 46, ""MSFT"": 41, ""AAPL"": 39}"
5_sessions,baseline,1,ridge,15.0,784,197,364,171,26.040160151722564,0.42105263157894735,0.518596282282483,0.08759120994692189,137.8187259673209,-0.009153648559075744,7,"{""MSFT"": 60, ""TSLA"": 58, ""AAPL"": 53}"
5_sessions,baseline,2,ridge,15.0,1076,269,372,134,11.228142702559394,0.3358208955223881,0.12601803261730615,0.2109719456036543,175.22149325731422,-0.06568034610068274,1,"{""TSLA"": 53, ""AAPL"": 41, ""MSFT"": 40}"
5_sessions,baseline,3,ridge,15.0,1373,344,365,23,145.39171274939224,0.6956521739130435,0.38796927936299674,0.021145186810369736,126.6600784190698,-0.029551960651893916,2,"{""TSLA"": 14, ""AAPL"": 7, ""MSFT"": 2}"
5_sessions,baseline,4,ridge,15.0,1665,417,364,121,67.96616851030923,0.5619834710743802,1.2399976794678031,0.046554082090663064,112.62857050714078,0.07461227727261865,4,"{""TSLA"": 43, ""MSFT"": 41, ""AAPL"": 37}"
5_sessions,baseline,1,tree,5.0,784,197,364,158,17.90782598262538,0.3924050632911392,0.2959103493776165,0.10296808394729336,139.21978397851356,-0.04122718791018687,8,"{""MSFT"": 58, ""AAPL"": 53, ""TSLA"": 47}"
5_sessions,baseline,2,tree,5.0,1076,269,372,152,6.264309421530035,0.3157894736842105,0.06774353899462615,0.2213777965008515,167.33079687155043,-0.004055132579238618,2,"{""MSFT"": 61, ""AAPL"": 49, ""TSLA"": 42}"
5_sessions,baseline,3,tree,5.0,1373,344,365,157,15.750088981736242,0.37579617834394907,0.25782466463565656,0.08099597509490264,130.3356428091864,-0.06649424134690629,8,"{""AAPL"": 58, ""MSFT"": 57, ""TSLA"": 42}"
5_sessions,baseline,4,tree,5.0,1665,417,364,144,47.590497924010734,0.5486111111111112,0.9535513369488895,0.05355061125743397,116.93313440570377,0.022430355959737414,2,"{""AAPL"": 53, ""MSFT"": 46, ""TSLA"": 45}"
5_sessions,baseline,1,tree,10.0,784,197,364,151,19.347464124357554,0.3973509933774834,0.3099937444630021,0.10109824571291046,139.21978397851356,-0.04122718791018687,7,"{""MSFT"": 53, ""AAPL"": 52, ""TSLA"": 46}"
5_sessions,baseline,2,tree,10.0,1076,269,372,139,13.289205890870365,0.34532374100719426,0.16834346677969259,0.2222701124969104,167.33079687155043,-0.004055132579238618,2,"{""MSFT"": 55, ""TSLA"": 42, ""AAPL"": 42}"
5_sessions,baseline,3,tree,10.0,1373,344,365,83,4.316725837135393,0.30120481927710846,0.026466447173857377,0.11197569662389861,130.3356428091864,-0.06649424134690629,2,"{""TSLA"": 33, ""MSFT"": 29, ""AAPL"": 21}"
5_sessions,baseline,4,tree,10.0,1665,417,364,140,41.2678591655773,0.5357142857142857,0.7568536530229817,0.053550611257433774,116.93313440570377,0.022430355959737414,2,"{""AAPL"": 51, ""MSFT"": 47, ""TSLA"": 42}"
5_sessions,baseline,1,tree,15.0,784,197,364,146,19.467559635588128,0.410958904109589,0.3006206324602829,0.09363531389698072,139.21978397851356,-0.04122718791018687,7,"{""MSFT"": 52, ""AAPL"": 50, ""TSLA"": 44}"
5_sessions,baseline,2,tree,15.0,1076,269,372,126,0.7906764218214395,0.31746031746031744,-0.016406777863211208,0.2725999747909575,167.33079687155043,-0.004055132579238618,2,"{""MSFT"": 50, ""TSLA"": 39, ""AAPL"": 37}"
5_sessions,baseline,3,tree,15.0,1373,344,365,10,30.952887454139933,0.4,0.030064683836239503,0.0420367740144,130.3356428091864,-0.06649424134690629,1,"{""TSLA"": 9, ""AAPL"": 1}"
5_sessions,baseline,4,tree,15.0,1665,417,364,136,40.55742137464922,0.5220588235294118,0.7119911935477523,0.05355061125743387,116.93313440570377,0.022430355959737414,2,"{""AAPL"": 49, ""MSFT"": 46, ""TSLA"": 41}"
5_sessions,geometry,1,ridge,5.0,784,197,364,172,27.512931076777694,0.4186046511627907,0.5628424176540996,0.09796543910447933,137.12615605016472,-0.004209127802213386,6,"{""MSFT"": 61, ""TSLA"": 56, ""AAPL"": 55}"
5_sessions,geometry,2,ridge,5.0,1076,269,372,145,12.23793742266374,0.3448275862068966,0.1549643932423337,0.20110873852455624,172.03969133510677,-0.03694260980684794,1,"{""TSLA"": 51, ""MSFT"": 48, ""AAPL"": 46}"
5_sessions,geometry,3,ridge,5.0,1373,344,365,110,80.41259896842051,0.5636363636363636,1.3726109981972363,0.07099860736314391,125.78003161074696,-0.008163870144742846,3,"{""TSLA"": 40, ""AAPL"": 37, ""MSFT"": 33}"
5_sessions,geometry,4,ridge,5.0,1665,417,364,147,59.63186740708033,0.54421768707483,1.3580580630013945,0.054935437026539115,112.10225046448741,0.08743601411977986,5,"{""TSLA"": 55, ""MSFT"": 47, ""AAPL"": 45}"
5_sessions,geometry,1,ridge,10.0,784,197,364,172,27.512931076777694,0.4186046511627907,0.5628424176540996,0.09796543910447933,137.12615605016472,-0.004209127802213386,6,"{""MSFT"": 61, ""TSLA"": 56, ""AAPL"": 55}"
5_sessions,geometry,2,ridge,10.0,1076,269,372,134,9.543970890763989,0.3358208955223881,0.1007842523531659,0.18607953679371905,172.03969133510677,-0.03694260980684794,1,"{""TSLA"": 50, ""AAPL"": 43, ""MSFT"": 41}"
5_sessions,geometry,3,ridge,10.0,1373,344,365,81,95.98007350171916,0.6296296296296297,1.1454253716466511,0.025983551439597456,125.78003161074696,-0.008163870144742846,4,"{""TSLA"": 29, ""AAPL"": 27, ""MSFT"": 25}"
5_sessions,geometry,4,ridge,10.0,1665,417,364,140,63.001805317091005,0.5642857142857143,1.3721333197127623,0.054935437026539115,112.10225046448741,0.08743601411977986,4,"{""TSLA"": 54, ""MSFT"": 46, ""AAPL"": 40}"
5_sessions,geometry,1,ridge,15.0,784,197,364,171,28.43607491269917,0.42105263157894735,0.5834344807860017,0.08894518900989826,137.12615605016472,-0.004209127802213386,6,"{""MSFT"": 60, ""TSLA"": 56, ""AAPL"": 55}"
5_sessions,geometry,2,ridge,15.0,1076,269,372,126,7.470371365505359,0.3253968253968254,0.06550577479256403,0.1902206119050766,172.03969133510677,-0.03694260980684794,1,"{""TSLA"": 49, ""AAPL"": 40, ""MSFT"": 37}"
5_sessions,geometry,3,ridge,15.0,1373,344,365,58,115.85436583285917,0.6724137931034483,0.9346161566074953,0.02434374116217529,125.78003161074696,-0.008163870144742846,3,"{""TSLA"": 22, ""AAPL"": 21, ""MSFT"": 15}"
5_sessions,geometry,4,ridge,15.0,1665,417,364,129,68.99542898890456,0.5813953488372093,1.3926062588371728,0.04530324040470711,112.10225046448741,0.08743601411977986,4,"{""TSLA"": 51, ""MSFT"": 42, ""AAPL"": 36}"
5_sessions,geometry,1,tree,5.0,784,197,364,155,17.26394544656737,0.4,0.27755591164288873,0.1030795515347841,139.70949774991576,-0.06163698834521236,6,"{""MSFT"": 59, ""AAPL"": 51, ""TSLA"": 45}"
5_sessions,geometry,2,tree,5.0,1076,269,372,165,6.881845661289664,0.3151515151515151,0.08416822333913987,0.24486559717052972,167.250098369661,-0.002551048085161378,2,"{""MSFT"": 62, ""TSLA"": 52, ""AAPL"": 51}"
5_sessions,geometry,3,tree,5.0,1373,344,365,171,32.61661045589153,0.40350877192982454,0.7054247718999296,0.08460747771562133,129.07568659189542,-0.04706854062501997,8,"{""TSLA"": 58, ""AAPL"": 58, ""MSFT"": 55}"
5_sessions,geometry,4,tree,5.0,1665,417,364,139,54.299544991838694,0.5683453237410072,1.0817872795353227,0.10351454280522099,113.75254862585818,0.05042970622533194,4,"{""TSLA"": 48, ""MSFT"": 47, ""AAPL"": 44}"
5_sessions,geometry,1,tree,10.0,784,197,364,147,15.652300530791775,0.3945578231292517,0.23128695421750067,0.10407907576477822,139.70949774991576,-0.06163698834521236,6,"{""MSFT"": 52, ""AAPL"": 50, ""TSLA"": 45}"
5_sessions,geometry,2,tree,10.0,1076,269,372,159,2.176895163998854,0.3081761006289308,0.00448509257150409,0.28550165548173523,167.250098369661,-0.002551048085161378,2,"{""MSFT"": 60, ""AAPL"": 50, ""TSLA"": 49}"
5_sessions,geometry,3,tree,10.0,1373,344,365,0,,,0.0,0.0,129.07568659189542,-0.04706854062501997,0,{}
5_sessions,geometry,4,tree,10.0,1665,417,364,131,62.06470878979367,0.5725190839694656,1.2161902987107926,0.06020437208314984,113.75254862585818,0.05042970622533194,3,"{""MSFT"": 46, ""TSLA"": 46, ""AAPL"": 39}"
5_sessions,geometry,1,tree,15.0,784,197,364,144,16.773433663308968,0.4027777777777778,0.24559721960209968,0.10777661549443587,139.70949774991576,-0.06163698834521236,6,"{""MSFT"": 50, ""AAPL"": 49, ""TSLA"": 45}"
5_sessions,geometry,2,tree,15.0,1076,269,372,144,-0.8169485341950213,0.3125,-0.03729511916265138,0.23744825652034013,167.250098369661,-0.002551048085161378,2,"{""MSFT"": 56, ""TSLA"": 45, ""AAPL"": 43}"
5_sessions,geometry,3,tree,15.0,1373,344,365,0,,,0.0,0.0,129.07568659189542,-0.04706854062501997,0,{}
5_sessions,geometry,4,tree,15.0,1665,417,364,120,63.88682243549177,0.5833333333333334,1.118203714875758,0.06020437208314987,113.75254862585818,0.05042970622533194,2,"{""MSFT"": 44, ""TSLA"": 42, ""AAPL"": 34}"
